OBS,AGE,CHK_ACCT,SAV_ACCT,NUM_CREDITS,DURATION,HISTORY,PRESENT_RESIDENT,EMPLOYMENT,JOB,NUM_DEPENDENTS,RENT,INSTALL_RATE,GUARANTOR,OTHER_INSTALL,OWN_RES,TELEPHONE,FOREIGN,REAL_ESTATE,TYPE,AMOUNT_REQUESTED,NPV
1,67,0,4,2,6,4,4,4,2,1,0,4,0,0,1,1,0,1,4,1169,243
2,25,1,0,1,12,2,1,1,2,1,1,3,0,0,0,0,0,0,1,1295,-473
3,48,3,0,3,9,4,4,2,2,1,0,4,0,0,1,1,0,0,1,2134,268
4,36,1,3,1,18,2,3,1,2,1,0,3,0,1,1,1,0,1,6,1913,416
5,30,3,2,1,30,2,2,4,3,1,0,4,0,1,1,0,0,0,4,2333,235
6,29,1,4,1,24,3,2,1,1,1,0,4,0,1,1,0,0,0,3,2333,480
7,27,1,0,1,9,2,1,2,2,1,0,2,0,1,1,1,0,1,6,1391,118
8,30,3,0,1,36,2,2,2,2,1,0,1,0,1,1,0,0,0,2,8133,1407
9,44,3,4,2,24,2,1,1,2,1,0,1,0,0,1,1,0,0,4,5943,-1826
10,56,3,0,1,12,4,4,4,2,1,0,4,0,0,1,0,0,1,4,618,163
11,41,3,1,1,24,2,4,4,1,1,1,4,0,0,0,0,0,1,1,1469,376
12,31,1,1,2,6,3,2,4,2,2,0,1,0,1,1,0,0,0,6,1449,252
13,25,0,0,2,21,2,2,2,2,1,0,3,0,0,1,1,0,1,4,1835,-508
14,24,1,4,1,48,2,2,3,2,1,0,1,0,0,1,0,0,0,1,8487,976
15,27,2,3,1,6,2,2,1,0,1,0,2,0,0,1,0,1,1,1,709,93
16,42,3,1,1,6,2,4,4,2,2,0,2,0,1,0,1,0,0,4,1346,295
17,36,3,1,1,24,4,4,4,2,2,0,3,0,0,1,1,0,1,4,2872,744
18,33,0,0,2,15,0,3,4,2,2,1,4,0,0,0,0,0,0,1,950,-188
19,28,3,0,2,36,3,1,1,2,1,0,1,0,0,1,0,0,0,6,9572,-4386
20,54,3,3,3,24,2,3,2,3,1,0,2,0,0,1,1,0,0,6,4591,-2912
21,52,3,2,2,9,4,2,4,2,1,0,4,0,0,1,1,0,0,5,936,198
22,33,3,4,2,9,4,2,2,2,2,0,1,0,0,1,0,0,1,4,3074,262
23,26,1,0,1,12,2,1,1,1,1,0,4,1,1,1,0,0,1,4,625,90
24,26,2,0,1,36,2,2,2,2,1,0,4,0,0,1,0,0,0,4,4210,-816
25,29,0,4,1,24,2,2,4,2,1,0,4,0,1,1,0,0,0,1,915,-337
26,39,0,3,2,6,4,4,3,1,1,0,3,0,0,1,1,0,1,1,666,67
27,27,0,0,1,12,2,2,2,2,1,0,2,0,0,1,0,0,1,3,1657,429
28,32,3,4,1,18,2,3,3,2,1,0,4,0,0,1,0,1,0,1,2662,485
29,23,3,3,2,15,4,4,4,2,1,1,3,0,0,0,1,0,0,2,3368,414
30,26,3,0,1,12,2,2,2,2,1,0,2,0,0,1,1,1,1,6,1076,114
31,54,3,0,1,6,2,4,0,0,1,0,1,0,0,1,1,0,1,1,672,116
32,40,1,4,1,48,2,4,0,0,1,0,3,0,1,0,1,0,0,0,5381,1768
33,28,1,0,2,30,4,2,0,3,1,0,4,0,0,1,0,0,0,1,4249,-1157
34,75,0,0,2,24,4,4,0,3,1,0,2,0,0,0,1,0,0,2,6615,379
35,24,1,0,2,24,4,4,1,2,1,0,2,0,0,0,1,0,0,5,5743,674
36,23,3,0,1,9,2,4,1,2,1,1,1,0,0,0,1,0,1,0,1236,140
37,61,1,4,1,18,2,4,2,2,1,0,4,0,0,0,0,0,0,5,1239,194
38,36,3,4,1,36,2,4,2,2,1,0,4,0,0,1,0,0,1,1,3079,811
39,39,0,4,1,20,2,4,3,2,1,0,4,0,0,1,1,0,0,3,2212,611
40,30,3,0,1,18,2,2,2,3,1,0,2,0,0,1,1,0,0,1,1820,542
41,39,3,0,1,18,2,4,1,2,1,0,3,0,0,1,1,0,1,4,1473,430
42,20,1,0,1,24,2,4,4,2,1,0,4,0,0,1,1,0,0,4,1967,301
43,20,3,3,1,15,2,3,3,2,1,1,2,0,0,0,0,0,0,1,3186,862
44,74,3,0,1,5,2,4,3,1,1,0,1,0,0,1,0,0,1,6,3448,824
45,39,3,0,1,12,2,4,4,3,1,0,4,0,0,1,1,0,0,1,1884,415
46,30,3,4,1,36,4,2,2,3,1,0,4,0,0,1,1,0,0,2,11054,1640
47,37,0,0,1,36,2,2,2,2,2,0,1,1,0,1,0,0,0,3,3620,334
48,22,1,1,1,24,2,2,1,2,1,1,3,0,0,0,1,0,0,4,3092,-790
49,23,1,0,1,12,4,1,2,1,1,0,1,0,0,1,0,0,1,4,3573,590
50,26,3,0,2,12,4,2,4,2,1,0,2,0,0,1,0,0,0,4,1934,282
51,27,0,0,1,24,2,1,1,2,1,0,4,0,0,1,0,0,0,1,3123,-1330
52,26,0,0,1,12,2,2,3,2,1,0,4,0,0,1,0,0,1,1,759,-305
53,44,3,0,2,24,4,4,4,2,1,0,3,0,0,0,0,0,0,0,5507,848
54,32,1,0,2,36,2,1,3,2,2,0,3,0,0,1,0,0,0,5,2273,350
55,23,1,0,1,12,2,1,1,2,1,1,1,0,0,0,0,0,1,4,1534,-415
56,23,3,4,2,12,4,4,3,2,1,0,4,0,0,1,0,0,1,0,996,68
57,49,0,4,1,24,2,4,4,2,2,0,4,0,1,0,1,0,0,2,2964,1012
58,23,0,0,1,24,2,4,1,1,1,1,4,0,0,0,1,0,1,3,3234,-1151
59,30,1,0,2,18,4,3,4,2,1,0,3,1,1,1,0,0,1,1,1056,-388
60,58,0,0,4,12,4,3,3,1,1,0,4,0,0,1,1,0,1,4,385,19
61,45,1,0,1,7,2,1,1,2,1,0,1,1,0,1,0,0,1,4,2329,277
62,22,0,1,1,12,2,3,0,2,1,0,4,0,0,1,0,0,0,0,741,-192
63,27,1,0,2,21,4,3,3,2,1,0,2,0,0,1,0,0,0,6,3652,337
64,28,0,0,1,24,2,4,2,2,1,0,2,0,0,1,0,0,0,4,3660,805
65,27,0,0,1,18,2,1,0,0,1,0,4,0,0,1,0,0,1,5,750,-403
66,50,0,0,1,48,2,1,3,3,1,0,4,0,0,0,1,0,0,5,7476,1585
67,23,2,0,1,12,2,4,2,2,1,1,3,0,0,0,0,0,1,4,1297,137
68,27,3,1,2,24,4,3,2,1,1,0,3,0,0,1,1,0,0,6,4139,551
69,56,3,0,1,6,2,2,1,2,1,0,1,0,0,1,0,0,0,5,1538,364
70,25,0,0,2,15,4,3,2,2,1,0,2,0,0,1,0,0,0,3,975,88
71,29,3,2,1,12,2,4,2,1,1,1,4,0,0,0,0,0,0,3,1123,-535
72,32,3,2,2,18,4,3,4,3,1,0,4,0,1,1,1,0,0,4,629,56
73,34,2,0,2,9,0,2,1,3,1,0,4,0,0,1,1,0,0,4,1337,-479
74,33,1,0,1,24,3,2,1,2,1,0,1,0,0,1,0,0,0,4,6403,696
75,32,0,1,1,24,1,3,3,2,1,0,2,0,1,1,0,0,0,1,2325,356
76,49,0,0,1,6,2,1,4,2,1,0,2,0,1,1,1,0,0,3,428,99
77,59,3,4,1,15,4,4,4,2,1,0,1,0,0,1,1,0,0,1,5045,507
78,26,0,4,1,24,2,4,4,2,1,1,2,0,0,0,0,0,1,2,2812,198
79,25,1,0,2,39,4,2,3,2,1,0,2,1,0,1,0,0,1,4,4933,-2365
80,39,1,0,1,21,2,4,4,2,2,0,2,0,0,1,0,0,0,6,1188,-446
81,54,3,0,2,24,4,4,4,2,2,0,4,0,0,0,0,0,0,5,1597,401
82,26,1,0,1,8,2,2,1,2,1,0,3,0,0,1,1,0,1,6,907,248
83,27,3,0,2,12,2,2,2,2,1,0,3,0,0,1,1,0,1,1,1101,198
84,44,3,2,2,24,3,2,2,2,2,0,4,0,0,1,1,0,0,6,2375,148
85,29,0,0,1,36,2,2,3,2,1,0,4,0,0,1,0,0,0,3,5179,-2232
86,33,0,0,2,20,4,2,2,2,1,1,4,1,1,0,0,1,0,1,2235,-603
87,27,3,3,2,24,4,2,2,2,1,0,4,0,0,1,0,0,1,2,5804,956
88,40,3,2,2,36,3,4,3,2,1,0,2,0,0,1,1,0,0,3,7678,682
89,38,3,0,1,24,2,3,3,3,1,0,3,0,0,1,1,0,0,2,7814,2237
90,43,0,0,4,27,4,4,4,3,2,0,4,0,1,1,1,0,0,6,2442,-10
91,43,0,0,1,16,4,4,4,2,1,1,2,1,1,0,1,0,0,1,2625,-1254
92,34,3,0,2,36,3,4,2,2,1,0,4,0,0,1,0,0,1,4,4454,397
93,28,3,0,2,18,4,2,2,2,1,0,4,0,0,1,0,0,0,3,1817,207
94,24,0,0,1,24,2,1,1,1,1,0,4,0,0,1,0,1,0,3,1747,457
95,45,3,4,1,12,2,3,1,3,2,0,2,0,0,1,1,0,0,1,3527,522
96,40,1,0,3,18,4,3,0,0,2,0,3,0,0,1,1,0,0,6,3590,343
97,30,3,0,2,6,4,2,4,2,1,1,2,0,0,0,0,0,1,4,1740,168
98,22,1,1,1,15,2,2,2,2,1,0,4,1,0,1,0,0,1,0,1514,296
99,49,1,0,1,30,4,2,3,2,1,0,2,0,0,1,0,0,0,3,8386,-3751
100,37,3,4,2,12,4,1,1,1,2,0,2,0,0,1,0,0,0,5,3565,553
101,22,1,0,1,48,2,2,2,2,1,0,2,0,0,1,0,0,1,4,5951,-3080
102,24,0,0,1,48,2,4,1,2,1,1,3,0,0,0,0,0,0,6,4308,-2807
103,44,0,2,1,6,2,3,2,2,2,1,2,0,0,0,0,0,1,4,2647,770
104,27,0,0,1,24,2,2,2,2,1,0,2,0,1,1,0,0,0,3,4020,879
105,26,1,2,1,12,2,1,2,2,1,0,3,0,0,1,1,0,0,4,1158,253
106,30,1,0,2,27,3,2,4,3,1,0,1,0,0,1,1,0,0,2,5965,1508
107,50,1,4,2,15,4,4,4,2,1,0,4,1,0,1,1,0,1,4,1537,291
108,46,3,4,2,7,4,2,4,1,1,1,4,0,0,0,1,0,0,4,730,85
109,47,3,2,1,15,2,3,4,2,1,0,4,0,1,1,1,0,0,4,1213,261
110,54,0,0,1,12,4,3,4,2,1,0,4,0,0,1,0,0,1,2,1409,318
111,24,1,0,1,36,2,4,3,2,1,1,4,0,0,0,0,0,0,4,2323,296
112,23,2,0,1,15,2,4,1,2,1,1,4,0,0,0,1,0,0,5,392,91
113,41,3,0,2,24,4,2,4,3,1,1,4,0,0,0,1,0,0,2,3868,372
114,29,0,0,1,36,3,3,2,2,1,0,4,0,1,1,1,0,0,5,6887,-4715
115,30,1,0,1,36,2,1,1,3,1,0,4,0,0,1,1,0,0,4,4795,805
116,38,3,0,1,10,2,4,2,2,1,0,1,0,0,1,1,1,0,4,1924,381
117,30,3,0,2,18,4,1,1,2,1,0,4,0,0,1,0,0,0,1,1055,164
118,26,3,0,1,12,2,1,2,2,1,0,4,0,0,1,1,0,1,3,763,175
119,30,1,0,2,36,3,2,2,3,1,0,2,0,1,1,1,0,1,6,4455,-2746
120,34,1,1,1,48,0,4,3,1,2,0,4,0,0,0,0,0,0,6,3844,-2447
121,27,0,0,1,12,2,3,2,1,1,0,4,0,0,1,0,0,1,1,1168,251
122,45,3,4,1,36,2,4,4,1,1,0,2,0,0,1,1,0,1,4,3835,458
123,23,0,4,1,12,2,4,2,2,1,1,4,0,1,0,1,0,0,5,1200,299
124,51,3,2,1,9,2,4,4,1,1,0,2,0,0,0,0,0,0,1,2507,262
125,51,3,0,1,6,2,2,3,2,2,0,3,0,0,1,0,0,0,4,1595,534
126,46,2,0,1,12,2,2,2,1,1,0,1,0,0,1,0,0,0,3,2251,349
127,55,0,0,1,24,2,4,4,2,1,0,4,0,0,1,0,0,0,4,1603,195
128,37,3,2,1,12,4,4,3,2,1,1,3,0,0,0,1,0,0,3,1402,397
129,50,3,0,1,12,2,2,2,2,1,0,4,0,0,1,0,0,1,3,1574,446
130,28,1,0,1,36,2,4,1,3,1,1,1,0,0,0,1,0,0,2,9398,-2415
131,42,1,0,1,36,0,1,2,2,1,0,4,0,0,1,1,0,0,4,3804,-1051
132,25,3,1,1,24,2,1,2,2,1,0,4,0,1,1,0,0,0,3,5511,723
133,32,0,0,1,24,2,3,1,2,1,0,4,0,0,1,0,0,0,4,1938,-696
134,30,3,1,2,18,4,2,2,2,1,0,4,0,0,1,0,0,1,5,1864,-1183
135,26,0,0,1,21,2,4,3,1,1,1,1,0,0,0,0,0,0,3,3599,426
136,29,1,0,1,9,2,2,2,2,1,0,1,0,0,1,0,1,0,3,959,-247
137,37,2,4,1,12,2,3,4,3,1,0,2,0,0,1,0,0,0,4,3399,493
138,33,3,0,2,18,4,4,4,2,1,0,3,0,0,1,1,0,0,4,6070,758
139,38,1,0,1,18,2,4,0,3,1,0,3,0,0,0,1,0,0,2,12976,-3587
140,19,1,3,1,12,2,4,1,1,1,1,1,0,0,0,0,0,1,3,983,141
141,28,1,4,2,18,4,4,2,2,1,0,4,0,1,1,0,0,1,6,1887,312
142,35,3,0,2,33,4,2,3,3,1,0,3,0,0,1,1,0,0,2,7253,730
143,30,1,4,1,12,2,2,2,2,1,0,4,0,0,1,0,0,0,2,2028,518
144,29,1,0,2,24,2,3,2,3,1,0,2,0,1,1,1,0,0,0,11328,-4440
145,30,0,0,1,12,2,3,2,2,1,0,2,0,0,1,0,0,0,3,1620,200
146,29,3,0,1,6,2,1,2,2,1,0,3,0,0,1,0,0,1,4,518,135
147,36,0,0,1,15,2,3,1,2,1,0,2,0,0,1,0,0,1,1,1721,163
148,23,0,0,1,6,2,4,1,2,1,0,4,0,0,1,0,0,0,5,448,-220
149,26,1,0,1,24,2,1,1,2,1,0,4,0,0,1,0,0,0,1,1201,165
150,42,1,0,2,27,0,4,4,3,1,0,2,0,0,0,1,0,0,6,8318,-5624
151,42,0,0,1,36,2,4,4,2,2,0,2,0,0,0,0,0,0,2,5493,1032
152,32,3,0,1,36,2,2,2,3,1,0,2,0,0,0,1,0,0,2,4686,378
153,24,0,0,1,18,2,2,2,2,1,0,2,0,0,1,0,0,1,4,3190,-1031
154,28,1,1,2,15,2,4,2,2,1,1,2,0,0,0,1,0,0,1,2631,-459
155,60,3,0,2,24,3,4,4,2,1,0,4,0,0,0,1,0,0,1,2032,125
156,45,3,2,1,6,1,4,4,1,2,0,2,0,1,1,0,0,0,4,1750,229
157,24,0,0,1,24,1,4,3,1,1,1,4,1,1,0,0,0,0,4,1546,-813
158,38,3,0,1,30,4,2,3,2,1,0,3,0,0,1,0,0,0,4,5954,835
159,49,1,0,2,12,4,3,1,1,2,0,1,0,1,1,0,0,1,1,3124,616
160,42,1,4,2,24,3,4,2,2,1,1,4,0,0,0,1,0,0,1,1965,307
161,30,1,0,1,9,2,1,2,2,1,0,4,0,0,1,0,0,0,3,918,-284
162,48,2,1,1,10,2,4,4,1,2,0,1,0,0,0,0,0,0,1,1240,-409
163,32,3,0,2,18,4,2,2,2,1,0,3,0,1,1,0,0,0,1,1530,-653
164,44,0,0,1,18,1,3,2,2,1,0,4,0,1,1,0,0,0,3,1553,-366
165,38,1,0,2,15,2,4,4,1,1,0,4,0,0,1,0,0,0,0,1308,78
166,37,1,0,1,12,2,2,2,1,1,0,4,0,0,1,0,0,0,3,1922,-494
167,23,0,4,1,12,2,2,2,2,1,0,4,0,0,1,0,0,0,1,900,-491
168,31,3,1,2,36,2,2,3,2,1,0,2,0,0,1,1,0,0,6,5742,1198
169,37,3,4,1,12,2,4,2,2,1,0,4,0,0,0,1,0,0,4,2279,426
170,25,1,1,1,15,2,2,2,1,1,0,3,0,0,1,0,0,1,0,2631,457
171,46,0,0,2,48,4,4,4,2,1,0,4,0,0,0,1,0,0,2,6331,-2024
172,35,0,0,1,6,1,4,4,2,1,0,4,0,0,0,0,0,0,5,1198,-590
173,24,1,3,1,6,1,2,1,2,2,1,4,0,1,0,0,0,0,5,433,-328
174,21,0,0,1,24,2,4,2,1,2,1,2,0,0,0,0,0,1,4,1987,-693
175,23,1,0,1,10,1,4,2,1,1,0,4,0,1,1,0,0,1,4,1048,186
176,23,0,0,1,18,2,2,1,1,1,0,1,0,0,1,0,0,0,1,976,-300
177,24,0,0,2,18,4,4,2,2,1,1,4,0,0,0,0,0,1,3,2124,-587
178,25,0,0,2,36,4,2,2,3,1,0,3,0,0,1,1,0,0,5,8065,-3043
179,60,3,3,1,24,4,4,4,2,1,0,4,0,0,1,1,0,1,1,1940,466
180,41,3,4,1,24,2,4,4,3,2,0,3,0,0,1,1,0,0,2,6313,2196
181,48,1,0,2,18,4,4,4,1,1,1,3,1,1,0,1,0,1,4,1795,282
182,28,1,0,1,6,2,3,3,1,1,0,3,1,1,1,0,0,1,4,484,71
183,24,2,0,1,12,2,1,2,2,1,0,3,0,0,1,0,0,0,4,3016,567
184,23,0,0,1,18,2,3,1,2,1,1,4,0,0,0,1,0,0,1,1216,-266
185,28,3,0,2,21,3,2,2,1,1,0,3,0,1,1,0,0,1,2,2993,359
186,43,3,4,2,24,4,4,3,2,1,0,3,0,0,1,1,0,0,2,4042,301
187,28,3,0,1,18,3,2,2,2,1,0,4,0,0,1,1,0,0,6,2169,-1355
188,46,2,0,2,6,4,4,4,2,2,0,1,0,0,1,0,1,1,1,1343,84
189,48,3,4,1,24,2,4,2,2,1,0,2,0,0,0,1,0,0,2,9277,981
190,46,3,0,2,15,4,4,4,2,1,0,4,0,0,1,1,0,0,4,1829,464
191,44,3,4,2,20,4,4,1,2,1,0,2,0,0,1,1,0,1,1,3485,456
192,25,1,0,1,24,4,4,1,1,1,0,2,0,1,1,0,0,0,3,4736,-1718
193,37,3,2,1,48,3,1,3,3,1,0,4,0,0,1,1,0,0,4,12749,3442
194,22,1,0,1,9,2,2,1,2,1,0,4,0,0,1,1,0,0,4,1670,-488
195,31,3,0,1,10,2,2,2,1,2,0,3,0,0,1,0,1,1,1,1546,286
196,24,0,0,2,36,3,1,3,2,1,0,2,0,0,1,1,0,0,6,2145,-673
197,47,1,0,2,21,3,4,2,2,1,0,1,0,0,1,0,0,0,1,2353,405
198,43,3,0,1,24,2,4,2,1,2,0,1,0,0,1,0,0,0,1,7393,767
199,33,3,0,1,48,2,2,0,3,1,1,3,0,1,0,1,0,0,6,4844,-2152
200,34,3,1,1,15,1,4,4,1,2,0,4,0,1,1,0,0,0,4,1569,158
201,49,3,0,1,12,4,3,3,1,2,0,2,0,0,1,0,0,1,5,2096,383
202,22,1,0,1,12,2,1,2,2,1,0,1,0,0,1,1,0,0,4,1567,241
203,48,0,0,2,10,4,3,1,1,2,1,1,0,0,0,0,1,1,1,2241,258
204,30,1,1,2,18,2,2,2,2,1,0,2,0,0,1,1,0,0,1,5866,225
205,44,1,0,1,18,3,4,2,1,2,0,2,0,0,1,1,0,1,0,6204,1229
206,25,3,0,1,12,2,2,2,2,1,0,3,0,0,1,0,0,0,4,1262,275
207,61,1,0,1,36,0,4,4,3,1,0,4,0,0,0,1,0,0,6,1953,-976
208,51,0,0,2,8,4,4,4,3,2,0,3,0,1,0,1,0,0,0,1164,87
209,24,3,1,1,18,2,4,2,1,1,1,3,0,0,0,0,0,0,6,1568,363
210,33,3,4,1,12,4,3,4,1,2,0,4,0,1,1,0,0,0,4,797,-302
211,24,3,0,1,6,3,2,2,2,1,0,3,0,0,1,0,0,1,4,932,167
212,28,1,0,1,18,2,3,3,1,1,1,3,0,0,0,0,0,1,1,6260,708
213,24,3,0,1,12,2,2,2,1,1,1,3,0,0,0,0,0,1,3,1768,300
214,27,3,0,2,15,2,3,1,1,1,0,2,0,1,1,0,0,0,3,2708,151
215,27,0,0,1,27,2,2,2,3,1,0,3,0,0,1,0,0,0,4,3416,922
216,24,2,0,1,36,2,1,2,2,1,0,4,0,0,1,0,0,0,4,5848,896
217,36,3,2,2,15,2,3,3,2,1,0,4,0,0,1,1,0,0,0,1262,72
218,34,1,0,1,24,3,2,0,3,1,0,3,0,0,1,1,0,0,3,2064,-882
219,40,0,4,2,21,1,2,2,1,2,0,4,0,0,1,0,0,0,1,1647,-610
220,36,1,0,1,27,2,2,2,2,2,0,4,0,0,1,1,0,0,6,3915,-1448
221,26,3,0,2,27,3,4,3,2,1,0,3,0,0,1,0,0,0,6,5117,647
222,50,0,0,2,27,0,4,0,2,1,0,2,0,1,1,1,0,0,6,5293,-4064
223,30,3,0,2,12,2,2,2,2,1,0,4,0,1,1,0,0,1,4,707,90
224,35,3,1,1,12,2,1,3,2,1,0,3,0,0,1,0,0,0,4,2141,445
225,24,0,0,2,48,0,4,4,2,2,0,3,0,0,0,0,0,0,2,4605,-1645
226,24,1,0,1,30,2,2,2,2,1,0,4,1,1,1,0,0,0,1,2150,-683
227,36,0,0,3,18,4,4,4,3,1,0,2,0,0,0,1,0,0,1,5302,564
228,36,1,4,1,48,1,4,0,3,1,0,4,0,0,0,1,0,0,1,12169,1522
229,49,2,4,1,18,1,4,3,1,1,0,4,0,1,1,0,0,0,4,1445,235
230,44,0,0,2,24,4,4,4,3,2,0,2,0,0,0,1,0,0,2,6419,763
231,37,2,4,2,24,4,2,3,1,2,0,4,0,1,1,0,0,1,1,1344,-348
232,26,2,0,1,24,2,4,1,2,1,0,2,0,0,1,0,0,0,3,3749,612
233,34,0,0,1,24,2,1,3,3,1,0,2,0,0,0,1,0,0,2,2910,306
234,24,1,1,1,60,2,2,1,3,1,0,4,0,0,1,0,0,0,1,7408,-3545
235,25,1,2,1,18,2,3,1,2,1,1,1,0,0,0,0,0,1,4,3213,434
236,38,3,4,1,18,4,4,0,3,1,0,2,0,0,1,1,0,0,2,3229,1119
237,36,2,0,2,12,3,2,2,2,1,0,2,0,1,1,1,0,0,1,2247,338
238,23,3,0,2,10,4,3,1,2,1,1,1,0,0,0,0,0,1,3,2146,320
239,25,3,4,1,22,2,4,3,2,1,1,4,0,0,0,0,0,0,1,1283,215
240,39,0,0,1,36,2,4,3,3,2,0,2,0,1,0,1,0,0,1,3249,564
241,27,3,0,2,24,3,2,1,2,1,0,2,0,1,1,1,0,0,6,8648,-4433
242,42,3,0,2,12,4,2,0,3,1,0,4,0,1,1,1,0,0,6,2292,-1437
243,47,1,0,2,12,4,3,3,1,2,0,2,0,0,1,0,0,1,1,958,105
244,36,0,0,3,6,4,4,0,3,1,0,4,0,0,0,1,0,0,3,1872,155
245,29,1,0,2,20,3,3,2,2,1,0,2,0,1,1,1,0,0,0,2629,258
246,34,3,0,2,12,0,4,4,2,1,0,2,0,0,1,0,0,0,3,2759,421
247,34,1,0,1,12,2,1,1,3,1,1,3,0,0,0,0,0,1,3,3017,656
248,28,0,0,1,9,2,3,2,1,1,0,4,0,0,1,0,0,0,1,654,-188
249,57,0,3,2,30,2,4,4,2,1,1,4,0,0,0,1,0,0,3,3622,302
250,27,3,1,2,6,4,1,2,2,1,0,1,0,0,1,0,0,0,4,1237,195
251,49,2,1,1,9,2,4,4,2,1,0,2,0,0,1,0,0,1,4,1126,92
252,26,2,0,1,15,2,4,3,2,1,1,2,0,0,0,1,0,0,6,2687,791
253,53,0,0,2,48,0,4,2,2,2,0,3,0,0,0,0,0,0,3,7119,-2010
254,41,3,0,1,12,3,4,2,2,1,1,4,0,0,0,0,0,1,2,1503,427
255,31,0,4,1,30,2,4,4,2,1,0,4,0,0,1,0,0,0,3,6350,-1837
256,34,0,0,2,48,2,1,3,2,1,0,1,1,0,1,1,0,1,4,6999,-1881
257,29,2,0,1,6,3,1,1,2,1,0,2,0,1,1,0,0,0,4,683,49
258,26,3,4,1,24,2,4,0,3,1,1,2,0,0,0,1,0,0,2,5433,1312
259,26,3,0,1,9,2,2,2,2,1,1,4,0,0,0,0,0,1,3,1388,366
260,36,3,3,1,21,2,4,4,1,1,0,4,0,1,1,0,0,1,6,1572,265
261,34,1,0,1,24,1,4,3,1,1,0,4,0,1,0,0,0,0,5,1837,-822
262,29,0,3,1,21,2,2,1,2,1,0,4,0,1,1,0,0,0,4,3357,766
263,38,3,4,1,48,2,2,2,2,1,0,4,0,1,1,0,0,1,6,3914,-1440
264,23,1,4,1,15,2,1,1,2,1,0,4,0,0,1,0,0,0,4,1444,194
265,40,3,1,1,15,2,2,2,3,1,0,3,0,0,1,1,0,0,5,4623,-2096
266,45,0,0,1,24,2,1,4,2,1,0,4,0,0,1,0,0,1,1,2303,-968
267,50,3,0,2,21,2,2,4,2,1,0,4,0,0,1,0,0,1,3,2241,343
268,42,3,0,1,60,2,4,4,3,1,0,2,0,0,1,1,0,0,1,10366,1522
269,33,3,0,2,15,3,3,2,2,1,0,4,0,1,1,0,0,1,4,1478,255
270,29,1,1,1,24,2,1,1,2,1,0,2,0,0,1,0,0,0,4,2896,390
271,47,2,1,1,24,2,2,4,2,1,0,4,0,0,0,1,0,0,4,1377,143
272,46,3,4,1,21,2,4,4,3,1,0,4,0,0,1,1,0,1,2,2476,453
273,24,0,0,1,12,2,2,2,1,1,0,4,0,0,1,0,0,1,1,1228,-376
274,44,1,0,1,8,2,2,3,1,1,0,4,1,0,1,0,0,1,4,760,135
275,41,3,4,1,21,2,3,4,2,1,0,4,0,0,1,1,0,0,4,3160,429
276,23,1,1,1,12,2,4,3,1,1,1,2,0,0,0,0,0,1,6,841,249
277,24,0,0,1,12,2,3,2,1,1,0,4,0,0,1,0,0,0,4,2214,266
278,36,3,0,1,21,4,4,4,3,1,0,1,0,0,1,1,0,0,2,3275,880
279,31,1,0,1,12,0,2,2,1,1,0,2,0,0,1,1,0,1,0,1410,161
280,27,3,4,2,6,4,2,2,2,1,0,1,0,0,1,0,0,0,3,1221,148
281,24,0,0,2,20,4,4,4,2,1,0,1,0,0,1,0,0,0,3,4272,1000
282,24,0,0,2,36,4,4,3,2,1,0,4,0,0,1,1,0,0,2,9629,-1853
283,41,0,0,1,36,2,2,4,2,2,0,2,0,1,1,0,0,0,3,2712,-603
284,29,0,0,2,45,0,4,4,2,1,1,2,0,0,0,0,0,0,6,11816,-4581
285,23,3,0,1,18,2,4,1,2,1,0,4,0,0,1,0,0,1,0,1943,-792
286,35,3,0,2,15,4,4,2,2,1,0,4,0,0,0,1,0,0,4,1471,85
287,35,0,0,1,24,2,4,1,2,1,0,4,0,0,1,1,0,1,4,2439,-1208
288,26,0,1,2,24,4,1,3,2,1,0,4,0,0,1,1,0,1,6,1382,141
289,36,1,4,2,30,4,4,4,2,1,0,4,0,0,1,0,0,1,1,2181,319
290,38,0,0,2,12,4,4,2,1,1,0,4,0,1,1,0,1,0,1,2171,261
291,42,3,4,2,36,4,4,4,2,1,0,2,0,0,0,0,0,0,2,10477,604
292,25,1,4,1,30,2,4,4,2,1,0,2,0,0,1,0,0,0,4,2991,802
293,22,0,0,1,9,2,4,1,2,1,1,3,0,0,0,0,0,0,4,1366,-502
294,30,3,0,2,9,4,1,2,2,1,0,3,0,0,1,0,0,1,1,1224,221
295,31,3,4,1,24,2,2,3,2,1,0,4,0,1,1,1,0,0,3,929,123
296,28,1,2,1,24,2,4,1,2,1,1,3,0,0,0,0,0,0,2,4113,-1160
297,29,3,4,1,15,2,2,2,2,1,0,3,0,0,1,0,0,0,1,3556,632
298,29,0,0,2,24,1,4,0,0,1,1,1,0,0,0,0,0,0,1,1193,-424
299,28,2,1,1,21,2,1,2,3,1,0,1,0,1,1,1,0,0,1,2923,357
300,23,0,4,2,18,2,4,3,1,1,1,2,0,0,0,0,0,0,4,1936,504
301,45,0,0,1,42,2,4,3,2,2,0,2,1,0,0,0,0,0,3,7882,792
302,60,0,0,2,24,4,4,4,1,1,0,4,0,0,1,0,0,0,1,1199,-289
303,44,1,1,1,12,4,4,1,2,1,0,3,0,0,1,0,0,0,2,1804,407
304,57,3,4,1,12,4,4,4,1,1,1,4,0,0,0,0,0,0,6,1264,275
305,24,0,1,2,30,4,4,3,2,1,1,1,0,0,0,0,0,0,2,6187,997
306,31,3,4,1,18,2,1,2,2,1,0,2,0,0,1,1,0,0,2,3378,389
307,25,1,0,1,48,0,2,2,2,1,0,2,0,0,1,1,0,0,6,14421,-7360
308,41,1,0,2,42,4,1,3,1,1,0,2,0,1,1,0,0,1,6,5954,1000
309,58,0,0,1,24,2,4,4,1,1,0,4,1,0,1,1,0,1,0,1755,211
310,20,2,4,2,24,4,4,4,2,1,1,4,0,0,0,0,0,0,3,3617,265
311,35,1,0,1,9,4,3,3,2,1,1,4,0,0,0,1,0,0,3,1919,328
312,25,3,0,2,36,4,2,2,2,1,0,4,0,1,1,1,0,1,1,7855,-1659
313,63,2,0,2,10,4,4,4,2,1,0,4,0,0,0,1,0,0,1,781,31
314,47,3,0,2,18,2,4,2,2,1,0,4,0,1,0,0,0,0,3,1984,405
315,22,0,0,1,18,2,2,2,2,1,0,2,0,0,1,0,0,0,3,2462,-464
316,29,1,3,1,24,4,4,4,2,1,1,2,0,0,0,0,0,0,2,7758,900
317,70,1,0,1,10,2,4,0,3,1,0,2,0,1,0,1,0,0,1,7308,2059
318,33,1,0,1,8,2,2,2,2,1,0,4,1,0,1,0,1,1,4,1414,194
319,50,3,3,1,24,4,4,2,2,1,0,4,0,0,1,1,0,1,3,3777,492
320,29,3,0,1,6,2,2,3,2,1,1,2,0,0,0,0,0,1,4,2108,606
321,21,0,0,1,12,2,4,3,2,1,1,4,0,0,0,0,0,0,0,902,-273
322,66,2,0,1,30,3,4,4,3,1,0,4,0,0,1,1,0,1,6,1908,-1279
323,32,3,4,2,24,3,4,2,2,2,0,4,0,0,1,1,0,1,6,2978,797
324,25,1,0,1,18,2,2,2,1,1,0,4,1,0,1,0,0,1,4,866,199
325,27,3,0,2,12,4,2,2,2,1,0,3,0,0,1,0,0,1,6,1185,73
326,35,3,1,2,24,3,3,2,2,1,0,2,0,0,1,0,0,0,3,4151,413
327,57,3,0,3,12,4,4,4,1,1,0,2,0,1,0,0,0,0,5,2748,115
328,28,1,0,2,48,2,4,3,2,1,0,4,0,0,1,0,0,1,4,3060,-836
329,63,3,4,1,15,4,4,4,2,1,0,4,0,0,1,0,0,0,3,1520,225
330,56,2,0,1,42,4,4,4,2,1,0,4,0,0,0,0,0,0,2,4796,764
331,49,0,0,2,10,4,3,3,2,1,0,4,0,0,1,1,0,0,1,1038,126
332,25,1,0,1,12,2,3,3,1,1,0,2,0,1,1,0,0,0,1,685,-256
333,28,0,3,1,18,2,2,2,2,1,0,4,0,0,1,0,0,0,3,2659,238
334,24,3,1,2,48,4,4,2,1,1,1,2,0,1,0,0,0,0,2,11590,-4476
335,33,1,0,1,18,2,1,4,3,1,0,1,0,1,1,1,0,1,6,4439,950
336,28,0,0,2,12,0,2,2,2,1,1,4,0,0,0,1,0,0,4,6199,-1466
337,21,3,0,1,6,2,2,2,2,1,1,1,0,0,0,0,0,0,3,1766,567
338,63,3,4,1,60,4,4,4,3,1,0,2,0,1,0,1,0,0,1,13756,1802
339,26,2,0,1,12,2,1,1,2,1,0,4,0,0,1,0,0,1,1,1330,181
340,31,0,0,1,6,4,4,3,2,1,0,1,0,0,1,0,0,0,4,1957,292
341,27,3,0,2,14,3,2,2,1,1,0,4,0,0,1,0,0,0,1,802,165
342,40,3,2,1,10,2,2,2,1,2,1,3,0,0,0,0,1,0,1,1597,343
343,34,3,1,2,21,3,3,3,3,1,0,4,0,0,1,0,0,1,3,1591,249
344,33,3,0,2,24,4,2,2,2,1,0,4,0,0,1,1,0,1,0,2058,253
345,41,3,0,1,12,2,4,4,1,2,0,4,0,1,1,0,0,0,5,719,-280
346,35,3,0,1,24,2,4,4,3,1,0,4,0,0,1,1,0,0,2,2670,424
347,38,1,4,2,12,2,4,4,2,1,0,4,0,0,1,0,0,0,0,754,75
348,36,3,4,1,6,2,4,0,3,2,0,4,0,0,1,1,0,0,0,1238,137
349,30,3,3,2,15,3,2,3,2,1,0,3,0,0,1,0,0,0,3,960,195
350,38,1,4,1,6,2,4,4,2,1,0,4,0,0,1,0,0,0,4,368,63
351,38,1,1,2,24,4,4,1,2,2,0,4,0,1,1,0,0,0,4,1216,-481
352,20,1,0,2,12,3,4,2,2,1,1,4,0,0,0,0,0,1,4,585,91
353,23,3,1,1,24,2,4,3,2,1,0,3,0,0,1,0,0,0,2,3488,359
354,26,3,1,1,24,2,3,3,2,1,0,4,0,0,1,1,0,0,4,1311,306
355,34,2,0,1,18,2,1,2,1,2,0,2,0,0,1,0,0,1,3,2864,-559
356,27,1,1,1,12,4,1,1,2,1,0,4,0,0,1,0,0,0,1,1995,579
357,37,1,4,1,36,2,4,2,2,1,0,1,0,0,0,1,0,0,1,12389,-3366
358,22,0,0,1,15,2,4,2,1,1,0,4,0,0,1,0,0,0,6,806,226
359,33,1,0,1,36,2,1,1,1,1,1,4,0,0,0,0,0,0,0,2384,-594
360,20,1,0,1,24,2,4,2,1,1,1,3,0,0,0,1,0,0,1,2718,-831
361,28,3,0,1,36,2,2,2,3,1,0,4,0,0,1,1,0,0,3,3349,-1215
362,22,0,0,1,24,1,4,2,2,1,1,1,1,1,0,0,1,0,2,3632,392
363,22,0,0,1,12,2,1,1,2,1,1,4,0,0,0,0,0,0,3,1858,409
364,19,3,0,2,9,2,2,1,2,1,1,2,0,0,0,0,0,0,3,1980,-398
365,33,3,0,2,24,4,2,3,2,1,0,4,1,0,1,1,0,0,4,1851,365
366,42,1,1,4,36,3,4,4,3,1,0,2,0,0,1,1,0,0,1,8086,-1774
367,35,1,0,2,6,3,1,0,3,1,0,4,0,1,1,1,0,0,3,1050,88
368,24,3,2,1,6,4,2,2,2,1,0,1,0,0,1,0,0,0,1,2080,568
369,47,3,0,3,24,4,3,1,2,1,0,3,0,0,0,1,0,0,4,5103,439
370,44,0,4,2,6,4,3,1,1,2,0,1,0,0,1,0,0,1,1,4716,747
371,41,1,1,2,30,3,2,4,2,1,0,4,0,1,1,0,0,0,6,2503,313
372,25,0,0,2,9,4,4,2,1,1,0,4,0,0,1,0,0,1,4,1138,103
373,66,1,2,1,9,2,3,2,1,1,0,4,0,0,1,0,0,1,4,790,143
374,28,3,3,1,24,2,4,2,2,1,1,2,0,0,0,1,0,0,2,2603,365
375,22,0,2,1,24,1,4,2,2,1,0,4,0,1,1,1,0,1,3,2483,565
376,25,3,0,2,30,4,2,3,2,1,0,4,0,0,1,0,0,0,4,5771,1122
377,30,3,4,1,21,4,4,4,3,1,0,4,0,0,0,1,0,0,1,12680,-2703
378,52,3,1,2,24,4,4,4,2,1,0,4,0,1,1,0,0,0,4,2223,188
379,23,1,1,1,12,2,2,1,1,1,0,4,0,1,1,0,0,0,1,836,-192
380,51,2,0,1,24,2,4,4,2,1,0,3,0,0,0,0,0,0,3,2892,589
381,35,3,4,2,12,4,4,4,2,1,0,4,0,0,1,0,0,0,4,976,52
382,54,0,0,1,48,2,4,2,2,1,0,3,0,0,1,0,0,0,0,3051,-555
383,47,0,0,2,8,4,4,4,1,1,0,4,0,0,1,0,0,1,1,731,42
384,42,1,4,1,24,2,4,4,2,1,0,2,0,0,1,1,0,0,4,5084,936
385,50,3,0,1,24,1,4,3,2,1,0,4,0,1,1,1,0,0,6,1559,237
386,32,0,0,2,18,1,4,3,1,2,0,4,0,0,0,0,0,0,1,1442,-573
387,32,3,3,2,27,4,2,1,1,2,0,4,0,1,1,1,0,1,3,4526,784
388,24,3,4,1,15,2,1,1,2,1,0,4,0,0,1,0,0,1,0,874,125
389,65,3,0,2,18,4,4,0,0,1,0,4,0,0,1,0,0,0,4,1098,90
390,34,1,0,2,36,4,4,2,2,1,0,3,0,0,1,1,0,0,2,5800,651
391,40,3,4,1,15,2,2,2,2,1,1,4,0,0,0,1,0,1,4,1386,150
392,28,3,3,1,11,2,2,4,2,1,0,1,0,0,1,1,0,1,6,2142,344
393,30,1,0,1,12,2,4,3,2,2,1,3,0,0,0,1,0,0,1,2002,465
394,42,3,2,2,12,4,4,4,2,2,0,4,0,0,1,1,0,0,4,522,36
395,42,3,0,3,4,4,1,3,1,2,0,2,0,0,1,0,0,1,1,1455,176
396,26,3,0,2,36,2,2,0,3,1,0,4,0,0,1,1,0,0,3,10974,-2944
397,35,3,2,2,24,2,2,4,2,1,0,3,0,1,1,1,0,0,4,2397,-538
398,36,0,0,1,60,2,4,4,2,1,1,4,0,0,0,0,0,0,6,7297,-2507
399,26,0,0,1,36,2,2,2,2,2,0,2,0,0,1,0,0,0,2,8229,-2272
400,30,0,0,1,36,2,3,0,3,1,0,4,0,0,1,1,0,0,3,3959,916
401,53,0,0,2,24,3,4,2,2,2,0,3,0,0,0,0,0,0,1,4870,-1742
402,28,0,0,1,15,2,4,2,2,1,1,2,0,0,0,0,0,0,1,1403,257
403,26,3,4,2,10,4,1,2,2,1,0,2,0,0,1,0,1,0,3,2069,428
404,33,2,0,1,12,2,1,1,3,1,0,4,0,1,1,1,0,0,3,1474,454
405,58,0,0,2,48,4,4,4,1,1,0,4,0,1,0,0,0,0,2,6143,-1770
406,57,1,0,2,36,3,4,4,2,1,0,4,0,1,0,1,0,0,1,2225,-747
407,26,3,0,1,24,2,4,1,2,1,0,4,0,0,1,1,0,0,4,3181,598
408,40,0,4,1,36,2,4,4,3,1,0,4,0,0,1,1,0,0,5,1977,-961
409,52,0,0,1,10,2,4,4,1,1,0,3,0,0,1,0,0,1,4,2315,648
410,54,1,3,1,12,2,4,4,2,1,0,4,0,0,1,1,0,1,1,1318,348
411,26,3,4,1,12,2,4,1,2,1,1,2,0,0,0,1,0,0,2,2445,654
412,35,0,2,1,12,2,1,4,2,1,0,3,0,0,1,0,0,1,4,1680,349
413,27,1,4,1,18,2,3,1,2,1,1,4,0,0,0,0,0,1,3,1924,-843
414,21,3,1,1,60,2,4,3,2,1,0,2,0,0,1,1,0,1,4,10144,2159
415,23,3,0,1,21,4,4,1,2,1,0,4,0,0,1,1,0,0,3,2288,389
416,36,1,1,1,24,3,4,3,3,1,1,4,0,0,0,1,0,0,6,6967,989
417,36,3,2,1,36,2,4,4,2,1,0,4,0,0,1,0,0,0,1,909,192
418,26,0,0,2,21,3,1,1,2,1,0,2,0,0,1,0,0,0,5,3414,-1278
419,36,1,0,1,18,4,4,4,2,2,0,4,0,1,1,1,0,0,1,884,-134
420,21,1,1,1,45,2,4,2,2,1,1,4,1,0,0,0,0,0,4,3031,-997
421,38,3,0,2,12,4,1,4,1,2,0,4,0,0,1,0,0,1,1,1495,181
422,51,3,4,1,36,4,2,4,2,1,0,4,0,0,1,1,0,0,4,3342,725
423,30,3,0,1,15,2,2,2,2,1,0,3,0,0,1,1,0,0,2,4657,1287
424,42,3,0,3,4,4,1,3,1,2,0,2,0,0,1,0,0,1,4,1544,94
425,35,3,2,1,12,1,3,2,1,2,0,4,0,0,1,0,0,1,0,3447,509
426,24,1,4,1,9,2,1,3,2,1,0,2,0,0,1,1,0,0,3,2030,499
427,32,3,0,2,10,4,4,4,1,2,0,3,0,0,1,0,1,1,1,1231,151
428,34,0,0,1,30,2,1,1,1,1,0,1,0,0,1,1,0,0,0,11998,-4141
429,37,1,1,1,24,4,2,1,2,1,0,4,0,0,1,1,0,0,1,3878,563
430,46,3,4,2,48,4,2,4,3,2,0,4,0,1,1,0,0,0,6,7629,863
431,44,3,2,1,48,4,2,2,2,1,0,2,0,1,0,0,0,0,1,10127,-2454
432,29,2,4,1,4,2,2,1,1,2,0,1,0,0,1,0,1,1,1,1494,411
433,36,3,0,2,18,4,3,2,2,1,0,4,0,0,1,0,0,1,1,1028,153
434,23,0,0,2,24,0,4,4,2,2,1,3,0,1,0,0,0,0,3,4110,-2183
435,37,2,0,1,10,2,1,1,1,2,0,1,1,0,1,0,0,0,1,3949,925
436,46,3,2,1,10,2,4,4,2,1,0,4,0,0,0,1,0,0,5,727,136
437,25,0,0,1,18,2,1,0,0,1,0,4,0,0,1,0,0,0,3,2473,-1048
438,60,1,1,2,60,1,4,4,3,1,0,3,0,1,0,1,0,0,0,14782,-2656
439,26,3,1,2,30,3,2,2,1,1,0,2,0,0,1,0,0,0,6,4272,249
440,31,3,0,1,9,4,3,0,3,1,0,2,0,0,1,0,0,0,3,2406,437
441,43,1,4,1,18,3,4,4,2,2,0,4,0,0,1,0,0,0,1,2899,826
442,35,0,4,1,24,2,2,2,2,1,0,4,0,0,1,0,0,0,1,1381,-443
443,25,1,4,1,12,2,2,4,2,1,0,1,0,1,1,1,0,0,3,2762,-638
444,25,0,0,1,9,2,2,2,2,1,0,3,0,0,1,0,0,1,3,2136,481
445,30,1,0,1,48,4,3,2,3,1,0,2,0,0,1,1,0,0,3,5096,-1739
446,31,0,0,1,24,2,3,3,2,1,0,2,0,0,1,1,0,0,1,4817,-1679
447,34,3,0,2,18,2,1,3,2,1,0,4,0,1,1,1,0,0,6,1950,160
448,33,1,0,1,18,4,2,2,2,1,0,4,0,0,1,0,0,0,4,1245,-453
449,44,3,2,1,12,4,4,2,2,1,0,4,0,0,1,1,0,1,1,1163,193
450,39,0,0,2,12,4,2,2,1,2,1,3,0,0,0,0,1,1,1,2122,133
451,24,0,0,1,24,2,4,1,2,1,1,4,0,0,0,0,0,0,1,1207,-375
452,54,3,4,1,24,2,1,1,2,1,0,4,0,0,1,0,0,0,1,2255,423
453,26,1,0,1,18,2,4,2,1,2,0,4,1,0,1,0,0,1,4,1113,371
454,25,3,4,2,24,2,2,1,2,1,0,4,0,0,1,0,0,0,4,3105,708
455,61,3,0,2,12,4,4,4,1,1,0,4,0,0,1,0,0,1,1,1255,87
456,67,1,0,2,9,2,4,3,3,1,0,4,0,0,1,1,0,0,5,1199,215
457,37,1,4,2,24,3,2,2,3,1,0,4,0,1,1,1,0,0,6,4712,437
458,27,1,0,2,9,2,4,4,1,1,0,4,0,0,1,0,0,0,4,1082,215
459,52,3,4,1,12,2,4,4,3,1,0,4,0,0,0,1,0,0,1,2133,600
460,40,0,4,1,24,1,3,4,3,1,0,4,0,1,1,1,0,0,0,1358,-376
461,23,2,0,1,10,2,2,1,2,1,0,4,0,0,1,0,0,0,3,1275,156
462,22,3,0,1,18,3,1,3,2,1,0,4,0,0,1,0,0,1,3,1808,-751
463,65,0,0,2,18,2,4,2,2,1,0,4,0,0,0,0,0,0,4,2600,-557
464,25,1,0,1,24,2,4,1,1,1,0,3,0,0,1,1,0,0,1,1355,-325
465,32,0,0,2,18,4,1,3,3,1,0,4,0,0,1,1,0,0,4,1880,219
466,35,3,0,2,24,4,3,3,2,1,0,4,0,0,1,1,0,0,2,2346,222
467,50,2,0,1,6,4,4,2,1,1,0,2,0,0,1,0,0,0,5,1047,73
468,41,3,2,1,21,3,2,1,1,2,0,4,0,1,1,0,0,1,6,2580,-805
469,31,1,1,2,36,3,3,3,1,2,0,1,0,0,1,1,0,0,6,9857,1312
470,28,3,0,1,24,2,2,3,2,1,0,4,0,0,1,1,0,0,4,2284,525
471,32,1,0,1,27,2,1,1,2,2,0,4,0,0,1,1,0,0,6,2528,424
472,27,1,0,1,60,2,2,3,3,1,0,4,0,0,1,1,0,0,1,14027,-2463
473,21,3,0,1,27,2,3,2,2,1,1,3,0,0,0,0,0,1,1,2570,-1039
474,37,3,0,1,4,4,1,3,2,2,0,1,0,0,1,0,0,1,1,3380,589
475,30,0,4,2,39,4,4,3,3,1,0,4,0,0,1,1,0,0,3,14179,662
476,55,3,3,2,12,3,4,4,2,2,0,4,0,0,0,0,0,0,0,1555,-545
477,27,3,1,2,24,4,3,3,2,1,0,4,0,0,1,1,0,0,1,2463,658
478,66,2,2,3,12,4,4,0,0,1,0,2,0,1,0,0,0,0,1,1480,62
479,60,1,4,1,20,2,4,0,3,1,0,1,0,0,1,1,0,1,2,6468,2006
480,32,3,2,1,24,2,3,4,2,1,1,4,0,0,0,1,0,0,3,3062,317
481,24,1,4,1,12,2,2,0,0,1,1,1,0,0,0,0,0,1,1,7472,1339
482,46,0,0,1,48,2,4,3,2,2,0,4,0,0,0,0,0,0,1,3931,-1985
483,35,3,0,2,18,4,2,1,3,1,0,3,0,0,1,1,0,0,3,3780,231
484,25,2,0,1,15,2,3,1,1,1,0,2,0,0,1,0,0,1,4,2327,-772
485,47,3,0,3,18,2,4,4,2,2,0,4,0,1,1,1,0,0,3,3422,322
486,45,3,0,2,36,3,2,4,2,2,0,2,0,0,1,1,0,0,1,10875,1341
487,25,3,0,1,10,2,2,2,1,1,1,2,0,1,0,0,0,1,3,2210,-948
488,29,0,0,1,12,2,2,2,1,2,0,2,0,0,1,0,0,0,3,3590,881
489,43,1,0,1,24,2,3,3,2,1,0,3,0,0,1,1,0,0,3,4057,-918
490,29,3,4,2,18,4,3,2,2,1,0,4,0,0,1,1,0,0,4,1169,70
491,36,3,0,1,24,2,1,4,3,1,0,4,0,0,1,1,0,1,4,1278,247
492,31,0,0,1,24,1,2,2,2,1,1,4,0,0,0,1,0,0,6,3161,-2801
493,55,0,0,1,24,1,1,1,2,1,0,2,0,1,1,1,0,0,3,6872,-2721
494,23,0,0,1,12,2,1,2,2,1,0,4,0,1,1,0,0,0,4,1498,439
495,46,0,0,1,15,2,1,1,2,1,1,4,1,0,0,0,0,0,3,1845,426
496,29,0,0,1,12,2,4,2,2,1,0,4,1,0,1,1,0,0,1,1893,363
497,22,1,0,1,6,2,1,1,1,1,0,3,0,0,1,0,0,0,0,454,81
498,33,3,0,1,30,4,2,2,2,1,0,4,0,0,1,1,0,0,4,2831,535
499,30,3,0,2,24,4,2,3,1,1,0,2,0,0,1,0,0,0,3,2028,217
500,50,3,4,1,12,2,3,4,2,1,0,4,0,0,1,1,0,0,1,2390,652
501,35,3,4,1,36,2,4,2,1,2,0,2,0,0,0,1,0,0,5,9055,1032
502,32,0,1,1,24,2,2,2,1,1,0,4,0,0,1,0,0,0,4,1282,-352
503,36,0,0,1,6,2,2,2,1,1,0,1,0,1,1,1,0,1,3,1374,251
504,25,1,0,2,45,4,2,1,1,1,0,4,0,0,1,0,0,0,4,4746,-1100
505,35,3,0,2,11,4,4,1,3,1,0,4,0,0,1,0,0,0,1,1393,93
506,26,3,4,1,6,1,2,2,1,2,0,1,1,1,1,0,0,1,1,783,163
507,48,3,4,4,27,2,4,4,2,2,0,4,0,0,1,1,0,0,0,5190,424
508,66,0,0,2,12,4,4,4,3,1,0,4,0,0,0,0,0,0,2,1526,318
509,29,3,0,2,12,4,2,2,3,1,0,4,1,0,1,1,0,1,6,1412,181
510,58,1,0,1,54,0,4,1,2,1,1,3,0,0,0,1,0,0,6,15945,-6114
511,39,1,0,2,24,4,3,2,3,2,0,2,0,0,1,1,0,0,0,11938,-3313
512,47,3,4,1,48,4,1,4,2,1,0,4,0,0,1,1,0,1,4,3578,720
513,30,0,0,2,12,4,2,2,2,1,0,4,0,0,1,0,0,0,1,2121,349
514,38,3,4,2,12,4,2,4,2,1,0,4,0,0,1,1,0,1,4,1240,130
515,30,1,1,1,48,1,2,3,2,1,0,4,0,0,1,0,0,0,6,3566,481
516,20,0,0,1,12,2,4,2,2,1,1,2,0,0,0,0,0,0,3,1282,-302
517,32,3,2,1,6,2,2,2,2,1,0,1,0,0,1,1,0,0,3,2978,996
518,53,3,4,1,30,1,1,0,3,1,0,4,0,1,1,1,0,1,2,7485,-2232
519,31,3,0,2,15,4,2,2,2,1,0,4,0,0,1,0,0,0,4,1360,217
520,34,1,0,2,9,4,3,4,3,1,0,2,0,0,1,1,0,0,5,1501,-764
521,38,0,0,3,30,4,4,4,3,2,0,3,0,0,0,1,0,0,2,10623,373
522,39,1,4,2,6,4,3,3,1,1,0,1,0,0,1,0,0,0,0,932,78
523,27,3,0,2,36,0,2,2,2,1,0,4,0,0,1,0,0,0,0,2613,673
524,30,0,0,1,24,2,2,0,3,2,0,4,0,1,1,0,0,0,4,1823,-648
525,25,3,0,1,24,2,1,3,2,1,0,4,0,0,1,1,0,1,6,1258,178
526,27,1,4,1,60,3,1,2,1,1,0,1,0,0,1,0,0,1,4,7418,1304
527,37,1,0,1,15,2,3,4,2,2,0,4,0,0,1,0,0,0,4,802,-263
528,32,3,0,1,9,2,2,2,2,2,0,1,0,0,1,0,0,1,4,2697,390
529,35,0,0,1,47,2,1,1,1,1,0,1,0,0,1,1,0,1,1,10722,2569
530,26,1,0,1,48,2,2,1,2,1,0,1,0,0,1,1,0,0,3,9960,-2393
531,33,3,3,1,6,2,2,2,2,1,0,4,0,0,1,0,0,1,3,1543,341
532,31,0,0,1,36,1,4,4,2,1,0,4,0,1,1,0,0,0,3,2746,-989
533,39,0,0,2,8,4,4,3,1,1,0,1,0,0,1,0,1,1,1,3398,819
534,44,0,0,1,6,4,4,2,3,1,1,1,0,0,0,1,0,1,3,3384,-1846
535,43,3,0,1,15,4,2,2,1,1,0,4,0,0,1,0,0,0,4,1459,258
536,23,1,0,1,24,2,2,1,1,1,0,4,0,1,1,0,0,1,1,1246,-569
537,36,3,0,1,12,2,4,3,2,1,0,2,0,0,1,1,0,0,6,1542,163
538,37,0,0,1,48,1,4,3,2,1,1,2,1,0,0,0,0,0,6,7685,-3379
539,25,3,0,2,18,4,1,2,2,1,0,2,0,0,1,0,0,0,4,2238,149
540,32,1,1,1,39,3,3,3,2,1,1,2,0,0,0,1,0,0,5,11760,1248
541,22,1,0,1,24,2,1,1,2,1,0,1,0,0,1,1,0,0,4,2039,-926
542,35,3,0,2,36,4,2,4,2,2,0,2,0,0,1,1,0,0,2,5842,666
543,21,1,0,1,18,2,3,2,2,1,1,1,0,0,0,1,0,0,2,2779,394
544,25,1,4,1,12,2,1,2,2,1,0,2,0,0,1,1,0,1,4,1484,-456
545,41,3,4,2,9,4,4,4,1,1,1,4,0,0,0,0,0,0,5,1244,138
546,29,3,0,1,24,2,1,1,3,1,0,4,0,0,1,1,0,0,2,2679,281
547,63,0,0,1,24,2,4,2,2,2,0,3,1,1,1,1,0,0,2,2924,488
548,26,0,0,1,18,0,4,1,2,1,1,1,0,0,0,0,0,0,3,3114,-1133
549,47,1,0,1,6,3,4,0,3,1,0,4,0,0,1,1,0,0,1,1209,-475
550,20,0,4,1,24,2,4,2,2,1,0,2,0,0,1,0,0,0,3,2996,-1242
551,27,3,4,1,10,2,4,2,1,1,0,4,1,0,1,0,0,0,1,1309,-396
552,37,0,0,2,6,4,3,3,2,1,0,4,0,0,1,0,1,0,1,609,119
553,30,1,0,2,26,2,3,1,2,1,0,2,0,0,1,0,0,0,2,7966,456
554,33,2,0,1,21,4,1,1,2,1,1,2,0,0,0,0,0,0,5,2319,-874
555,43,0,0,2,24,3,2,0,2,2,0,4,0,0,0,0,0,1,1,1333,-474
556,22,1,0,1,12,2,1,1,2,1,0,2,0,1,1,0,0,0,4,1331,-277
557,23,1,1,2,24,3,2,3,2,1,1,3,0,0,0,1,0,0,4,1553,193
558,24,3,0,2,15,4,3,3,2,1,0,2,0,1,1,0,0,0,3,2788,401
559,20,0,0,1,18,2,4,2,2,1,1,1,0,1,0,0,0,1,3,2039,-517
560,32,1,1,1,6,1,1,1,1,1,0,1,0,1,1,0,0,0,1,931,-441
561,22,0,2,1,24,1,4,2,2,1,0,4,0,1,1,1,0,1,3,2828,334
562,48,1,4,1,48,0,2,2,3,1,0,2,0,1,1,1,0,0,6,12204,3488
563,35,3,4,1,15,2,2,4,2,1,0,4,0,0,1,0,0,0,4,1979,445
564,47,3,0,3,12,2,4,4,2,2,0,4,0,1,1,1,0,0,5,1393,210
565,27,3,4,2,36,3,4,1,2,1,1,4,0,0,0,1,0,0,6,7980,-3503
566,22,0,0,1,14,2,4,0,2,1,0,1,0,0,0,0,0,0,1,3973,536
567,27,3,0,2,24,4,2,0,3,1,0,4,0,1,1,1,0,0,0,6314,1096
568,26,3,0,1,30,4,4,3,3,1,1,4,0,0,0,1,0,0,4,4530,593
569,34,3,4,1,60,2,4,2,2,2,0,4,0,0,0,1,0,0,1,6527,2161
570,50,3,2,1,6,2,4,2,2,1,1,2,0,0,0,0,0,0,2,1236,243
571,35,3,2,1,15,2,4,4,2,1,0,1,0,0,0,0,0,0,1,5324,629
572,63,3,4,2,30,4,4,4,2,1,0,1,0,0,1,0,0,0,2,7596,658
573,41,3,3,2,6,4,2,2,1,1,0,2,0,1,1,0,0,1,1,250,22
574,29,1,4,1,36,1,2,1,0,1,0,3,0,1,1,0,0,0,0,3990,1326
575,28,0,0,2,13,4,1,1,1,1,0,3,0,1,1,0,0,0,6,1797,115
576,32,0,4,1,24,2,4,3,2,1,1,4,0,0,0,0,0,0,1,1285,-424
577,40,1,0,2,12,2,3,4,1,1,0,3,1,1,1,0,0,1,4,1155,187
578,25,0,4,1,24,2,4,2,2,1,1,4,0,0,0,0,0,1,1,1371,-388
579,35,1,3,1,18,2,2,2,1,1,0,4,0,0,1,1,0,0,6,1941,359
580,22,3,1,1,9,2,4,1,2,1,1,2,0,0,0,0,0,0,3,2301,722
581,24,0,0,1,36,2,1,3,2,1,0,2,0,0,1,1,0,0,1,9271,-3149
582,54,1,0,1,36,3,2,2,2,1,1,2,0,0,0,0,0,0,1,7432,801
583,30,0,0,2,21,4,3,4,2,1,0,4,0,0,1,1,0,0,1,1602,124
584,48,0,0,2,12,0,4,2,2,1,0,4,0,1,1,0,0,0,1,1082,-337
585,35,1,4,1,21,2,3,3,2,1,0,2,0,0,1,1,0,0,3,3976,1113
586,33,3,1,1,24,2,3,1,2,1,0,4,0,0,1,1,0,1,1,1474,154
587,20,3,2,1,15,2,4,2,2,1,1,2,0,0,0,0,0,0,3,2221,400
588,40,1,3,2,11,4,4,2,2,1,0,4,0,0,1,0,0,0,1,1322,345
589,53,0,0,1,12,2,4,1,2,1,0,4,0,0,1,0,0,0,5,795,-413
590,31,3,4,1,36,3,2,3,3,2,0,3,0,1,1,1,0,0,2,8947,1377
591,20,0,0,1,12,2,2,2,3,2,1,2,0,0,0,1,0,1,4,1107,208
592,32,1,0,1,48,0,2,2,3,1,0,1,0,1,1,1,1,0,0,18424,-6960
593,46,0,0,2,12,1,2,1,2,1,0,4,0,1,1,1,0,0,1,697,-173
594,30,1,1,2,30,3,3,1,3,1,0,4,0,1,1,0,0,0,4,1919,-892
595,30,1,2,2,48,0,1,1,2,1,0,1,0,0,1,0,0,0,1,8358,1804
596,57,0,3,2,24,4,4,4,3,1,1,4,0,0,0,1,0,0,4,1231,76
597,26,1,4,1,30,2,1,2,2,1,0,4,0,0,1,0,0,0,4,1715,240
598,57,2,2,1,24,2,3,2,1,1,0,3,0,0,1,0,0,0,4,1258,250
599,25,0,0,2,15,4,3,2,2,1,1,4,0,0,0,0,0,0,3,1433,128
600,31,3,0,1,12,2,4,3,1,1,0,3,0,0,1,0,0,1,3,1736,339
601,53,3,2,1,24,2,4,4,2,1,0,3,0,0,1,0,0,0,3,2835,411
602,53,3,4,2,24,4,4,4,2,1,0,4,0,0,1,0,0,0,4,2424,151
603,39,3,0,1,6,0,4,4,1,1,0,4,0,0,1,0,0,0,4,426,117
604,31,3,0,1,48,4,3,2,2,1,0,1,0,1,0,1,0,0,5,6110,1392
605,39,3,2,1,36,2,4,4,2,1,0,4,0,0,1,0,0,0,4,2299,597
606,52,1,4,1,12,2,1,0,3,1,0,2,0,0,1,1,0,0,4,6468,-2129
607,29,3,0,1,12,2,2,1,2,1,0,2,0,1,1,0,0,0,4,2171,592
608,34,0,0,1,42,2,3,1,2,1,0,4,0,0,1,0,0,0,4,3965,-1203
609,27,1,0,2,18,4,1,1,2,1,0,4,0,0,1,0,0,0,3,1295,82
610,61,3,4,1,12,4,2,3,2,1,0,4,0,0,1,0,0,0,5,2012,215
611,39,3,0,2,18,1,4,4,3,2,0,2,0,1,1,1,0,0,1,6458,-2804
612,30,0,4,1,42,2,3,3,3,1,0,4,0,0,1,1,0,0,4,7174,-3167
613,40,0,0,1,12,2,2,2,1,1,0,4,0,0,1,0,0,1,4,701,93
614,27,3,3,2,27,3,2,2,2,1,0,2,0,0,1,0,0,0,2,8613,1442
615,39,0,0,2,6,4,4,4,2,1,0,1,0,0,1,1,0,0,1,860,111
616,48,0,1,2,9,4,4,4,2,2,0,3,1,0,1,0,1,1,0,1288,252
617,33,0,0,1,18,2,2,0,2,1,0,4,0,0,1,0,0,0,3,1131,-313
618,42,0,0,1,12,2,1,2,2,1,0,2,0,0,1,0,0,0,3,2577,502
619,74,1,0,1,9,1,4,4,3,2,0,2,0,1,0,1,0,0,2,5129,-1488
620,28,3,0,2,6,4,1,2,2,1,0,1,0,0,1,1,0,0,4,1382,237
621,43,3,0,3,12,4,4,4,2,1,0,4,0,0,1,1,0,1,3,1935,124
622,31,0,0,1,18,0,1,3,2,1,0,3,0,1,1,1,0,0,6,3104,724
623,27,1,3,2,48,2,2,3,2,1,0,1,0,1,1,1,0,0,4,10961,-3241
624,23,1,4,1,6,2,2,0,0,1,0,1,0,0,1,1,0,0,1,14555,-5406
625,52,3,0,3,12,4,4,4,2,1,0,4,0,0,1,0,0,1,4,717,79
626,35,3,0,2,24,4,2,2,1,1,0,4,0,0,1,0,0,1,4,2684,106
627,36,3,4,2,36,4,4,4,2,1,0,4,0,0,1,0,0,1,6,6304,681
628,26,3,0,2,18,4,2,2,2,1,0,2,0,0,1,0,0,0,4,2404,380
629,26,0,0,1,48,2,3,3,2,2,0,4,0,0,1,0,0,0,2,4788,472
630,20,3,4,1,12,2,4,1,2,1,1,1,0,0,0,0,0,0,2,4675,673
631,24,3,4,1,30,2,4,3,1,1,1,2,0,1,0,0,0,0,2,4811,1076
632,38,0,0,1,12,2,3,2,1,2,0,2,1,0,1,0,0,0,3,708,242
633,49,3,4,1,12,4,4,4,2,1,1,2,0,0,0,1,0,0,3,5801,747
634,23,1,0,1,13,2,4,1,1,1,0,2,1,0,1,0,0,0,4,2101,688
635,23,1,0,2,13,4,4,1,2,1,0,4,1,0,1,0,0,1,4,882,60
636,49,3,4,1,12,4,4,4,2,1,0,1,0,0,1,1,0,1,4,2331,228
637,27,3,0,2,18,4,1,3,2,1,0,3,0,0,1,0,0,0,2,3850,324
638,34,3,0,2,18,3,3,0,2,1,0,2,0,0,1,0,0,1,4,2320,348
639,21,3,4,1,18,2,2,1,2,1,1,4,0,0,0,1,0,1,4,1126,120
640,55,0,0,1,12,2,4,0,3,1,0,3,0,0,0,0,0,0,3,2578,318
641,43,3,4,2,24,4,4,3,2,2,0,4,0,0,1,1,0,0,2,2197,139
642,33,0,0,1,12,2,1,1,1,2,0,4,0,0,1,0,0,1,1,2579,-1291
643,29,3,0,2,28,4,2,4,2,1,0,4,0,0,1,0,0,0,4,2743,392
644,23,3,2,1,6,2,4,3,1,1,1,2,0,0,0,0,0,1,0,660,200
645,34,0,0,1,36,2,4,1,2,1,0,4,0,0,1,1,0,0,1,1842,-599
646,36,0,0,2,11,4,2,2,2,2,1,2,0,0,0,0,0,1,1,3905,636
647,29,0,0,1,24,3,2,1,1,1,1,4,0,0,0,1,0,0,4,1659,-819
648,24,3,2,1,39,2,4,2,2,1,0,4,0,0,1,0,0,0,2,2569,557
649,52,3,0,1,12,2,4,2,2,1,0,2,0,0,1,1,0,0,4,3077,674
650,29,1,1,1,36,2,1,1,3,1,1,4,0,0,0,1,0,0,3,9034,-3545
651,36,2,2,1,15,4,2,2,2,1,0,2,0,0,1,1,0,0,2,2360,329
652,40,0,0,1,6,4,4,1,1,2,0,2,0,0,1,0,1,1,1,1361,291
653,31,3,1,1,15,4,3,2,2,1,0,4,0,0,1,0,0,0,5,1532,126
654,75,0,4,1,6,2,3,0,3,1,0,4,0,0,1,1,0,0,1,1374,440
655,37,3,0,1,24,4,4,2,2,1,0,4,0,0,1,1,0,0,1,2022,446
656,28,1,1,2,18,0,3,1,2,1,0,3,0,0,1,0,0,0,1,2278,-868
657,36,0,0,1,12,2,3,3,2,1,0,2,0,0,1,0,0,0,1,1372,-428
658,27,1,0,1,12,2,1,3,2,1,0,2,0,0,1,0,0,1,4,2930,492
659,36,0,0,2,9,4,2,2,2,2,1,2,0,0,0,0,0,1,1,2799,150
660,23,0,0,2,24,2,4,3,2,1,1,4,0,0,0,0,0,0,1,1442,-595
661,74,3,0,1,24,4,2,2,3,1,0,3,0,0,1,1,0,1,6,4526,336
662,27,1,4,1,60,3,2,2,3,1,0,2,0,0,0,0,0,0,4,9157,2992
663,41,2,0,1,6,2,2,2,2,1,0,2,0,0,1,1,0,1,3,2116,476
664,28,3,2,1,24,2,1,3,2,1,0,4,0,0,1,0,0,0,4,1376,239
665,32,0,0,2,30,0,2,2,2,1,0,2,1,0,1,0,0,1,3,4583,534
666,41,1,0,1,12,2,4,4,1,2,0,4,0,1,1,0,0,0,1,888,-311
667,34,1,3,1,30,1,2,2,2,2,0,4,0,1,1,1,0,0,3,3496,692
668,33,3,0,1,24,4,4,4,2,1,0,4,0,0,1,1,0,0,3,5150,876
669,27,2,4,2,10,4,2,3,2,1,0,4,0,0,1,1,0,0,4,1347,173
670,29,1,0,2,12,2,3,3,2,1,0,4,1,0,1,0,1,1,4,1103,123
671,24,1,1,1,48,2,2,3,2,1,0,3,0,0,1,0,0,0,1,6560,-2623
672,40,3,4,2,30,4,2,4,2,2,0,3,0,0,1,1,0,0,4,3077,112
673,47,3,2,2,15,4,2,2,1,1,0,2,0,0,1,0,0,0,4,1316,135
674,23,1,0,2,24,2,4,2,3,1,1,1,0,0,0,0,0,0,2,11560,-4648
675,23,0,0,1,15,2,4,0,2,1,1,1,0,0,0,0,0,0,1,2511,350
676,74,2,0,3,6,4,1,2,0,2,0,1,0,0,1,0,1,1,1,1299,109
677,31,0,0,1,30,2,4,1,1,1,0,2,0,0,1,0,0,0,3,3108,-1444
678,37,3,0,2,36,4,4,3,2,1,0,4,0,0,1,1,0,0,1,3535,710
679,40,3,2,1,22,2,4,4,2,1,0,3,0,0,1,0,0,0,4,2675,289
680,51,0,4,1,18,2,4,4,2,2,0,1,0,0,0,1,0,0,2,7511,-1602
681,26,1,0,1,6,2,3,1,1,1,0,3,0,0,1,0,1,1,4,590,111
682,62,3,2,1,6,2,4,2,2,1,0,1,0,0,1,0,0,1,0,1338,181
683,33,0,0,3,18,4,4,4,2,1,1,1,0,1,0,1,0,1,1,3966,-1955
684,21,3,4,1,12,2,2,2,2,1,0,4,0,0,1,0,0,0,4,886,197
685,68,3,4,2,18,2,4,2,2,1,1,2,0,0,0,0,0,0,1,6761,-1421
686,40,3,4,1,10,2,3,3,2,1,0,4,0,0,1,1,0,0,0,894,162
687,27,0,0,1,18,2,1,1,2,1,0,4,0,1,1,0,0,0,4,2389,676
688,36,0,0,1,18,1,4,1,3,1,0,3,0,1,0,1,0,0,4,1940,141
689,34,1,4,2,24,4,3,3,2,2,0,4,0,0,1,1,0,0,6,2825,405
690,28,0,0,1,21,2,4,1,3,1,1,4,0,0,0,1,0,0,4,2606,507
691,24,0,4,1,21,2,2,3,1,1,0,2,0,0,1,0,1,1,1,3763,1324
692,32,3,1,1,10,2,2,2,2,2,0,1,0,0,1,0,0,1,2,2848,396
693,21,0,0,1,18,4,4,1,2,1,1,4,0,0,0,0,0,0,3,1049,286
694,28,2,0,1,9,2,2,2,1,1,0,3,0,0,1,0,0,1,4,745,-200
695,30,0,2,1,24,1,4,1,2,2,0,4,0,0,0,1,0,0,3,3349,-615
696,49,2,4,2,30,4,4,4,1,1,0,4,0,1,1,0,0,0,4,3656,651
697,23,1,2,2,27,4,2,2,1,1,0,4,0,0,1,0,0,0,4,2520,-647
698,64,1,0,1,6,2,3,2,2,1,0,2,1,0,1,0,0,1,4,753,69
699,33,2,0,2,42,0,1,1,2,1,0,2,0,0,1,0,0,0,6,6289,258
700,40,0,0,1,30,2,4,2,3,1,0,4,0,0,1,1,0,0,2,3857,1057
701,35,1,0,1,36,2,2,2,3,1,1,2,0,0,0,1,0,0,2,6948,1231
702,25,0,4,3,30,0,3,1,2,1,0,2,0,1,1,0,0,0,6,8072,351
703,42,2,3,2,12,1,3,2,2,1,1,3,0,0,0,0,0,1,4,409,60
704,37,2,0,1,18,2,2,2,2,1,0,4,0,1,1,0,0,1,4,2100,-832
705,23,0,2,1,6,2,2,0,0,1,1,1,0,0,0,1,0,0,2,1352,141
706,31,3,0,2,36,4,2,2,2,1,0,2,0,1,1,0,0,0,4,9566,1185
707,22,1,3,1,12,2,1,2,2,1,0,4,0,0,1,0,0,1,1,1007,174
708,51,1,0,1,11,3,4,3,2,1,0,2,0,0,1,0,0,0,4,4771,864
709,47,1,1,1,36,2,4,2,2,2,0,1,0,0,0,1,0,0,5,12612,-4459
710,34,1,1,1,18,2,4,2,2,1,0,4,0,0,1,0,0,0,6,2622,580
711,32,1,0,1,12,2,2,3,2,1,0,2,0,0,1,0,0,0,1,6078,1702
712,27,0,4,2,10,4,3,1,2,1,1,2,0,0,0,0,1,1,3,2132,229
713,30,1,0,1,12,2,2,2,2,1,0,4,0,0,1,0,0,0,0,639,-330
714,66,1,2,1,12,2,3,2,1,1,0,4,0,0,1,0,0,1,4,766,-368
715,51,3,1,2,12,4,3,3,2,1,0,4,0,0,1,1,0,0,1,682,172
716,45,0,0,1,12,1,1,4,1,1,0,4,0,1,1,0,0,0,0,339,59
717,20,1,3,1,11,2,1,1,2,1,0,4,0,0,1,0,0,1,3,1577,170
718,52,0,2,2,6,4,4,4,2,1,0,4,0,0,1,0,0,0,4,338,22
719,68,1,0,3,16,4,3,0,0,1,0,2,0,0,0,1,0,0,1,1175,34
720,27,1,1,4,12,2,4,1,2,1,1,4,0,1,0,0,0,0,3,951,-263
721,26,1,0,1,12,4,3,3,2,1,0,4,0,0,1,0,0,0,0,1424,390
722,23,2,0,1,36,2,2,2,2,1,0,2,0,0,1,1,0,1,4,3913,899
723,53,0,0,1,12,2,4,4,3,1,0,4,0,0,0,1,0,0,3,7865,-2364
724,61,1,1,2,21,2,2,4,1,1,1,4,0,1,0,0,0,0,6,2767,-2105
725,35,3,1,1,6,0,1,2,2,1,1,4,0,1,0,0,1,0,1,1204,147
726,29,0,0,1,12,1,1,2,2,1,0,4,0,0,0,0,0,0,4,2149,-1220
727,38,3,0,1,24,2,3,1,2,1,0,4,0,1,1,1,0,0,4,1533,389
728,49,0,4,1,12,2,4,4,1,1,0,2,0,0,1,1,0,0,3,1262,436
729,31,1,1,1,48,3,4,0,3,1,0,2,0,0,0,1,0,0,0,7582,1366
730,45,3,4,1,10,2,2,4,1,1,0,4,0,0,1,0,1,0,1,1287,306
731,33,0,1,1,12,2,3,1,1,1,0,4,0,0,1,1,0,0,4,727,-340
732,48,1,4,1,24,2,4,2,1,1,0,1,0,0,1,1,0,0,3,4351,663
733,34,3,3,1,24,2,3,3,2,2,0,4,0,0,1,1,0,0,1,1525,347
734,24,0,4,1,15,2,2,2,2,1,1,4,0,0,0,0,0,0,0,1275,-222
735,23,1,2,1,24,2,4,0,0,1,1,1,0,0,0,0,0,0,4,3758,384
736,26,3,0,2,36,3,2,2,3,1,0,4,0,0,1,1,0,0,4,4463,-1012
737,22,0,0,1,18,2,4,1,2,1,1,1,0,0,0,0,0,0,3,3650,799
738,36,3,4,1,7,3,4,4,2,1,0,3,0,0,0,0,0,0,4,846,77
739,40,1,0,2,18,4,4,0,3,1,0,4,0,1,1,1,0,0,3,7374,1159
740,46,0,0,2,36,4,2,2,2,1,0,3,0,0,1,1,0,0,3,2348,201
741,27,0,0,1,15,2,2,1,2,1,0,4,0,0,1,0,1,1,4,1053,119
742,23,0,4,2,18,3,2,2,2,1,1,1,0,0,0,1,0,0,5,8471,463
743,46,3,3,2,18,4,3,2,2,1,0,4,0,0,1,0,0,1,4,1149,98
744,37,3,3,2,24,4,4,4,2,1,0,4,0,0,1,1,0,1,1,1287,280
745,35,1,0,1,7,2,2,2,2,1,0,2,1,0,1,0,0,1,4,2576,692
746,35,0,0,1,12,2,4,4,2,1,0,3,0,0,0,1,0,0,2,3386,-1723
747,32,3,4,2,48,3,3,4,2,2,0,3,0,1,1,0,0,0,4,7238,907
748,25,2,0,1,24,2,2,3,2,1,0,4,0,1,1,0,0,0,4,5152,377
749,62,3,0,1,24,2,4,4,2,1,0,4,0,0,0,1,0,0,1,3757,697
750,40,3,0,2,24,4,3,3,2,1,0,4,0,0,1,0,0,0,3,1585,196
751,34,1,1,1,15,1,2,0,3,2,0,1,0,0,1,1,0,0,1,6850,-1718
752,23,3,0,2,36,4,4,1,2,1,1,2,0,0,0,1,0,0,3,7127,-1596
753,42,3,0,2,4,4,1,3,1,2,0,2,0,0,1,0,0,1,4,1503,182
754,37,1,0,1,18,4,4,4,2,1,0,3,0,0,1,1,0,0,3,3612,1045
755,32,3,0,1,24,2,1,3,2,2,0,3,0,1,1,0,0,0,4,1552,158
756,29,3,4,2,21,0,4,2,2,1,0,1,0,1,1,1,0,0,1,5003,-1636
757,34,3,3,1,24,4,2,4,2,1,0,2,0,0,1,0,0,0,4,2578,196
758,33,3,4,2,24,4,2,2,2,1,0,3,0,0,1,1,0,0,5,1927,193
759,21,0,0,1,12,2,1,2,1,1,0,4,1,0,1,0,0,0,3,1289,133
760,36,1,0,3,24,0,4,2,1,1,0,1,0,0,1,1,0,1,6,4241,-2676
761,50,1,1,1,36,2,4,2,2,1,0,4,0,0,0,0,0,0,4,2671,-927
762,37,0,0,3,6,4,3,2,2,2,1,1,0,0,0,0,0,1,1,3676,308
763,29,1,1,1,9,1,3,3,2,1,0,2,0,0,1,0,0,0,1,1437,-356
764,21,3,0,2,60,3,4,3,2,1,0,2,0,0,1,1,0,0,4,15653,937
765,26,3,2,1,12,2,2,2,2,1,0,2,0,0,1,0,0,0,1,1386,-605
766,37,3,4,1,48,2,3,3,2,1,0,4,0,1,1,1,0,0,4,10222,2951
767,27,3,0,1,48,1,1,2,2,1,0,1,0,1,1,0,0,1,6,3609,473
768,24,1,1,1,72,2,2,2,2,1,0,2,0,0,1,0,0,0,4,5595,-2321
769,30,1,1,1,36,3,3,4,2,1,0,4,0,0,0,0,0,0,1,2862,782
770,38,3,0,1,12,4,2,0,0,1,0,1,0,0,1,0,0,0,1,926,163
771,25,1,0,2,12,0,3,1,2,1,1,4,0,0,0,0,0,0,3,2969,-647
772,32,3,0,1,18,2,2,2,3,1,0,4,0,0,0,1,0,0,4,1505,419
773,25,0,0,2,18,2,4,2,2,1,1,4,0,1,0,0,0,0,4,1882,-576
774,35,0,1,1,18,2,4,2,1,2,0,3,0,0,1,1,0,0,1,4380,783
775,37,0,0,1,12,2,1,1,1,1,0,3,0,0,1,0,0,1,1,1274,-268
776,39,2,4,2,15,4,4,2,2,1,0,3,0,0,0,1,0,0,4,1271,-256
777,31,3,4,1,10,2,4,1,2,1,1,1,0,0,0,0,0,1,2,2901,373
778,25,0,0,1,18,2,1,3,2,1,0,4,1,0,1,0,0,1,4,3509,502
779,38,3,4,2,48,4,3,4,2,2,0,4,0,0,1,1,0,0,2,2751,361
780,22,3,0,2,12,4,4,1,1,1,1,2,0,0,0,0,0,0,3,1258,204
781,65,3,4,4,12,4,4,4,2,1,0,4,0,0,1,0,0,1,4,930,49
782,24,3,0,2,6,4,2,3,2,1,1,1,0,0,0,1,0,0,4,1554,346
783,36,3,0,2,18,0,2,2,2,2,0,2,0,1,1,0,0,0,6,4165,-3135
784,23,3,0,1,4,2,3,1,1,2,1,1,0,0,0,0,0,1,3,601,191
785,28,3,0,1,24,2,2,1,2,1,0,4,0,0,1,0,0,1,1,1249,176
786,28,3,0,1,15,4,2,2,2,1,0,4,0,0,0,1,0,0,3,3343,357
787,42,3,0,1,12,4,4,4,2,1,0,2,0,1,1,0,0,0,3,3331,564
788,28,3,0,1,36,2,2,4,2,1,0,4,0,0,1,0,0,0,4,3595,790
789,23,1,0,1,48,2,2,2,2,1,0,2,0,0,1,1,0,0,6,15672,-12029
790,35,3,3,1,12,4,2,3,2,1,0,3,0,0,1,0,1,0,3,1592,167
791,27,1,4,1,36,2,2,2,2,1,0,2,0,0,1,0,0,0,5,3711,521
792,68,0,0,1,6,2,4,4,3,1,0,1,0,1,1,1,0,0,1,14896,-7231
793,39,0,0,3,48,2,4,3,2,2,0,4,0,1,0,1,0,0,2,10297,-4283
794,30,1,0,1,6,2,3,1,3,1,1,4,0,0,0,1,0,0,4,2063,659
795,38,3,4,1,12,2,4,0,3,1,0,4,0,0,1,1,0,0,1,2859,509
796,37,1,0,3,9,4,4,4,1,1,0,2,0,0,1,0,0,1,4,1154,41
797,54,3,0,1,15,2,2,4,3,1,1,4,0,1,0,1,0,0,4,3568,1238
798,42,1,4,2,18,3,2,4,2,1,0,4,0,0,1,0,0,0,6,2427,485
799,64,3,1,1,13,2,4,0,2,1,0,2,0,0,1,0,0,1,4,1409,197
800,38,3,0,1,12,2,4,4,2,1,0,4,0,0,1,0,0,0,4,804,61
801,61,3,3,1,12,2,4,3,1,1,0,2,0,0,1,0,0,1,4,3059,540
802,44,1,0,1,24,2,2,4,3,1,0,4,0,0,0,1,0,0,2,12579,-3320
803,34,1,0,1,7,2,2,2,2,1,0,3,1,0,1,0,0,1,4,2415,578
804,37,2,0,1,10,2,2,2,2,1,0,2,0,0,1,1,0,0,0,1225,102
805,39,3,0,2,11,4,4,2,1,1,0,1,0,0,1,0,0,0,1,7228,1165
806,23,2,0,1,18,2,2,4,3,1,0,3,0,0,1,0,0,0,1,1961,659
807,37,3,0,1,36,2,4,2,2,1,0,4,0,1,0,1,0,0,5,1819,-637
808,39,3,4,1,54,0,2,2,1,2,0,2,0,0,1,0,0,0,2,9436,1677
809,30,0,1,1,18,2,3,3,3,2,0,4,0,0,1,1,0,0,1,2249,421
810,36,1,0,1,36,4,4,4,2,1,0,4,0,0,1,0,0,1,4,2337,698
811,30,0,4,1,24,2,2,1,2,1,0,1,0,0,1,1,1,0,3,7721,993
812,23,0,2,2,33,4,4,2,2,1,0,1,0,0,1,0,0,0,3,4281,-1312
813,34,1,0,2,12,4,2,0,3,1,0,4,0,0,1,1,0,0,2,1860,211
814,35,1,4,3,15,4,2,3,2,1,0,4,1,1,1,1,0,1,4,2728,362
815,28,0,0,2,36,4,2,2,2,1,0,3,1,0,1,0,0,0,3,5371,1137
816,38,1,1,2,24,2,3,3,2,1,0,2,0,1,1,1,0,0,1,3512,561
817,25,3,0,1,24,2,4,3,2,1,1,2,0,0,0,1,0,0,3,3972,396
818,31,3,0,2,12,2,2,3,3,2,1,4,0,0,0,1,0,0,4,1963,172
819,20,0,1,1,12,2,1,3,2,1,0,4,0,0,1,0,0,0,4,674,-211
820,36,1,4,1,24,2,4,4,2,1,0,4,0,1,0,1,0,0,2,2760,394
821,21,0,0,1,24,2,2,2,1,1,0,2,0,1,1,0,0,0,6,6568,1750
822,24,0,0,1,24,2,2,2,1,1,1,2,0,0,0,0,0,1,3,3021,402
823,22,3,0,1,9,2,2,3,2,1,0,4,0,0,1,0,0,0,4,1478,-372
824,35,3,0,2,12,4,2,2,2,1,0,4,0,0,1,0,0,0,4,1291,173
825,26,2,0,1,24,2,2,2,2,1,0,2,0,0,1,0,0,1,3,1925,535
826,23,3,1,1,15,2,4,1,2,1,0,1,0,0,1,1,0,0,2,3812,1205
827,45,0,0,1,14,2,4,4,3,1,0,1,0,0,1,1,1,0,1,8978,-3830
828,32,3,0,1,6,2,4,1,2,1,0,1,0,0,1,0,0,0,3,4611,-1336
829,49,1,0,2,12,2,4,2,2,1,0,4,1,0,1,1,0,1,4,1092,94
830,43,3,0,1,18,2,4,2,2,1,0,3,0,0,1,1,0,1,3,2515,235
831,24,1,0,1,8,2,4,2,2,1,0,3,0,0,1,0,0,1,3,1237,-430
832,32,3,0,2,12,4,2,2,2,1,0,4,0,0,1,0,0,0,5,701,49
833,31,2,0,1,36,2,2,4,2,1,0,4,0,0,1,0,0,0,4,4473,1355
834,28,0,0,1,24,2,4,2,2,1,0,4,0,0,1,0,0,0,3,4169,599
835,34,3,1,2,6,3,2,2,1,1,0,1,0,0,1,0,0,1,6,1743,135
836,28,3,0,1,12,2,2,2,2,1,0,4,0,0,1,0,0,1,4,776,104
837,42,0,0,1,36,2,2,4,2,2,0,4,0,0,1,0,0,0,3,3446,-1708
838,57,1,0,1,36,2,2,4,3,1,0,4,0,0,0,1,0,0,1,14318,-5352
839,27,1,2,1,15,4,4,2,2,1,0,2,0,1,1,0,0,0,6,2326,519
840,46,1,0,2,12,2,1,4,2,1,1,1,0,0,0,0,0,1,1,1223,-335
841,26,3,2,1,24,2,2,4,3,1,0,3,0,0,1,1,0,0,4,3235,258
842,31,3,2,1,21,2,2,3,3,1,0,1,0,1,1,0,0,0,1,2782,366
843,20,3,0,1,9,2,4,4,2,1,0,1,0,0,1,0,0,0,3,1313,154
844,65,0,0,2,42,4,4,0,0,1,0,4,0,0,1,0,0,0,0,3394,258
845,55,2,4,1,12,2,4,4,3,1,0,3,0,0,1,1,0,1,3,1424,199
846,27,0,0,1,6,2,1,1,2,1,0,4,0,0,1,0,0,1,0,343,98
847,26,3,0,2,33,3,2,2,2,1,0,2,0,0,1,1,0,0,6,2764,189
848,39,1,1,1,12,2,4,3,1,1,0,3,0,0,1,0,0,1,6,1037,116
849,35,3,1,1,10,2,2,2,1,1,1,3,0,0,0,0,1,1,1,1418,206
850,32,1,0,1,18,2,2,4,1,1,0,4,1,0,1,0,0,1,4,1301,121
851,28,3,0,1,24,2,2,2,2,1,0,4,0,0,1,0,0,0,4,1413,426
852,43,0,1,1,6,2,2,4,2,1,0,3,0,0,1,1,0,0,1,1203,162
853,31,0,0,1,36,2,4,2,2,1,1,4,0,0,0,0,0,0,4,2302,-888
854,42,0,0,1,48,2,4,4,3,1,0,4,0,1,0,0,0,0,1,7763,-2226
855,24,0,0,1,12,1,4,2,1,1,0,4,0,1,1,0,0,1,4,626,-231
856,27,0,0,1,24,1,4,3,2,1,0,3,0,1,1,0,0,0,3,3552,-894
857,41,1,4,2,48,2,1,3,2,2,0,4,0,0,1,1,0,0,4,3979,481
858,27,1,0,2,36,4,4,1,2,1,0,4,0,0,1,0,0,0,1,2820,-1037
859,47,0,0,1,18,2,3,2,1,1,0,4,0,0,1,1,0,1,0,1217,-395
860,31,3,0,2,18,4,2,3,2,1,0,2,0,1,1,0,0,0,1,2775,-689
861,33,3,0,1,18,2,1,1,2,1,0,4,0,0,1,0,0,1,4,2051,343
862,21,1,1,1,30,2,4,2,2,1,1,2,0,0,0,0,0,0,3,3441,-1151
863,36,3,2,2,42,4,4,2,2,1,0,4,0,0,1,1,0,1,3,4042,650
864,34,3,0,1,12,2,3,1,2,2,0,4,0,0,1,0,0,0,4,1493,266
865,38,2,0,1,24,2,3,3,2,2,0,4,0,1,0,0,0,0,1,947,-411
866,28,1,0,2,30,0,1,2,2,1,0,2,0,0,1,0,0,0,6,4221,414
867,43,0,0,2,12,4,4,4,2,1,1,3,0,0,0,1,0,0,1,4843,-1482
868,64,0,0,1,24,2,4,4,1,1,1,4,0,1,0,0,0,1,4,2384,322
869,35,3,1,1,9,2,4,4,2,1,0,3,0,0,1,1,0,0,4,2753,503
870,24,3,0,2,18,4,2,2,2,1,0,4,0,0,1,0,0,0,4,1800,233
871,25,1,0,1,9,2,4,4,2,1,0,4,0,0,1,0,0,1,4,1206,296
872,31,2,4,2,24,4,2,2,2,1,0,3,0,0,1,1,0,0,4,3148,135
873,59,1,0,1,48,1,3,4,2,1,1,4,0,0,0,0,0,0,6,6416,-3914
874,45,3,0,2,6,4,3,3,3,2,0,1,0,0,1,1,0,0,1,6761,1037
875,26,3,4,1,21,2,3,2,2,1,0,1,0,0,1,0,0,0,2,5248,487
876,31,3,0,1,24,2,2,2,2,1,0,2,1,0,1,1,0,1,1,1393,178
877,28,1,0,3,12,4,4,4,2,1,1,1,0,0,0,1,0,0,3,3617,535
878,38,3,3,2,36,4,2,4,3,1,0,4,0,0,1,1,0,0,2,5711,987
879,50,1,0,1,48,3,4,4,2,1,0,4,0,0,0,0,0,0,5,6224,-4477
880,54,3,4,2,24,3,4,4,2,1,0,4,0,0,1,1,0,0,1,717,83
881,55,1,0,1,42,1,2,0,3,1,0,1,0,1,0,1,0,0,2,9283,2423
882,43,0,0,1,36,2,3,0,3,1,0,2,0,0,1,0,0,0,0,15857,4387
883,47,0,4,1,36,2,4,4,2,1,0,3,0,0,0,0,0,0,2,8335,-2571
884,63,0,0,2,24,4,4,4,2,1,0,4,0,0,1,1,0,0,2,2957,277
885,59,0,0,1,9,2,4,3,2,1,0,3,0,0,1,0,0,1,4,1364,276
886,29,0,0,1,15,2,2,2,2,1,0,3,0,0,1,1,0,0,1,3959,-1073
887,37,3,4,2,36,2,2,4,2,1,0,3,0,0,1,0,0,0,6,7409,671
888,27,0,0,1,9,2,2,1,3,1,0,3,0,0,0,1,0,0,1,1422,-316
889,34,3,0,2,36,4,4,4,3,1,0,4,0,0,1,1,0,0,1,6614,261
890,33,3,4,1,15,2,4,3,1,1,1,1,0,1,0,0,0,1,3,2186,374
891,46,3,0,2,15,3,2,1,1,1,0,1,0,0,1,0,0,0,2,3594,824
892,33,0,1,1,24,2,1,0,2,1,0,1,0,0,1,0,0,0,3,2359,-1023
893,58,3,4,1,30,2,4,4,2,1,0,4,0,0,1,1,0,0,4,1867,242
894,42,1,0,1,60,2,4,2,2,1,0,4,0,0,0,0,0,0,5,6288,-3994
895,43,3,0,1,18,2,1,1,1,2,0,4,0,0,1,0,0,0,3,1533,-566
896,45,0,0,1,28,2,2,2,1,1,0,3,0,0,1,0,0,0,1,4006,-1282
897,29,3,4,1,42,2,4,3,2,1,1,2,0,0,0,1,0,0,4,7166,1013
898,47,3,0,2,24,3,4,4,1,2,0,4,0,0,1,0,0,0,1,2538,-904
899,29,0,0,1,24,2,2,0,3,1,0,4,0,0,0,1,0,0,2,6579,794
900,23,0,0,1,45,2,4,2,2,1,0,4,0,0,0,1,0,0,4,1845,-884
901,28,1,0,2,30,4,2,0,3,1,0,4,0,0,1,0,0,0,1,5234,-1605
902,31,3,2,1,24,2,2,4,2,2,0,3,0,0,1,1,0,0,4,3430,637
903,63,0,0,2,60,3,4,4,2,1,0,3,0,0,1,1,0,0,6,6836,-2339
904,24,1,0,1,9,2,3,2,2,1,0,4,0,0,1,0,0,1,4,458,127
905,28,3,1,1,12,2,2,2,2,1,0,4,0,0,1,0,0,1,4,2073,224
906,23,0,0,2,36,4,4,1,1,1,1,4,0,0,0,1,0,0,3,6229,-1801
907,25,3,4,1,36,2,4,2,2,1,0,4,0,0,1,0,0,0,4,2394,283
908,22,1,0,1,30,2,1,1,2,1,0,2,0,0,1,0,0,0,3,3832,857
909,28,0,0,2,12,0,3,3,2,1,0,4,0,0,1,0,0,1,0,1108,-368
910,36,1,4,2,20,3,4,3,3,2,1,3,0,1,0,1,0,0,2,7057,807
911,35,1,2,1,14,2,2,4,2,1,0,1,0,0,1,1,0,1,6,1410,144
912,36,1,2,1,12,4,3,3,3,1,0,3,0,0,1,1,0,0,1,2366,810
913,29,0,0,2,12,4,2,2,2,1,0,3,0,0,1,0,0,1,1,3499,-1351
914,44,2,0,1,12,2,2,2,1,1,1,2,0,0,0,1,0,0,4,1881,264
915,46,3,3,2,18,4,4,4,2,1,0,4,0,0,1,0,0,0,4,1582,344
916,34,3,4,2,6,4,2,2,1,2,0,1,0,0,1,0,0,1,4,1898,218
917,31,1,0,2,24,4,4,4,2,1,0,4,0,0,1,1,0,1,6,1935,-865
918,65,0,0,2,21,4,4,4,2,1,0,4,0,0,1,0,0,1,1,571,87
919,33,1,0,2,18,0,4,2,2,1,0,1,0,1,1,1,0,0,3,3244,702
920,40,1,0,1,18,3,3,4,3,1,0,4,0,0,1,1,0,0,3,4297,-1255
921,55,3,3,1,12,2,2,3,2,1,0,3,0,0,1,0,1,0,2,1413,384
922,64,3,0,1,10,2,4,2,2,1,0,2,0,0,1,1,0,0,1,1364,373
923,22,0,0,1,24,2,1,1,2,1,0,4,0,1,0,0,0,0,3,3149,323
924,39,0,0,1,30,2,3,4,2,2,0,1,1,0,1,0,0,0,4,2522,376
925,22,3,0,1,18,2,4,0,2,1,1,3,0,0,0,0,0,1,4,433,-116
926,57,3,1,3,11,4,4,0,1,1,0,4,0,0,1,0,0,1,4,1154,219
927,25,3,4,2,24,2,2,4,2,1,0,4,0,0,1,0,0,0,4,999,197
928,29,3,1,1,24,2,4,2,3,1,1,4,0,0,0,1,0,0,4,1901,310
929,48,0,0,1,24,3,4,1,2,1,0,4,0,1,1,0,0,1,4,1024,-325
930,32,1,3,2,21,4,2,3,2,1,0,3,0,0,1,1,0,0,3,2745,171
931,22,1,0,1,9,2,4,2,1,1,1,4,0,0,0,0,0,1,1,276,50
932,27,0,0,2,15,3,4,4,1,1,0,1,0,0,1,0,0,0,3,3643,855
933,28,1,0,1,6,2,4,4,2,2,0,4,0,0,1,0,0,0,4,1068,152
934,31,1,0,1,10,2,2,2,1,1,0,4,0,0,1,0,0,0,3,1521,207
935,32,1,3,2,9,4,3,4,2,2,0,4,0,0,0,0,0,0,5,1136,-538
936,23,0,0,1,30,2,4,3,2,1,1,4,0,0,0,0,0,1,3,2406,-1024
937,40,1,0,1,18,2,4,3,2,1,1,2,0,0,0,0,0,1,3,3001,699
938,52,3,1,2,6,4,4,2,1,1,0,4,0,0,1,0,0,0,1,362,41
939,27,3,0,2,9,2,2,3,2,1,0,3,0,0,1,0,0,0,6,1449,200
940,43,3,3,2,24,4,1,2,1,1,0,4,0,0,1,0,0,1,4,1516,172
941,28,2,2,3,12,4,2,3,2,1,0,4,0,0,1,1,0,1,1,939,-250
942,33,1,4,1,18,2,2,2,2,1,0,4,0,0,1,0,0,0,1,1042,-364
943,55,0,0,3,18,4,4,0,0,2,0,2,0,0,0,0,0,0,0,1190,-394
944,26,2,0,1,12,1,1,1,0,1,0,4,0,0,1,0,0,1,6,609,-349
945,61,1,3,2,15,3,3,2,2,1,0,3,0,1,1,0,0,0,0,1512,-338
946,32,3,0,1,18,2,2,1,2,1,0,3,0,0,1,1,0,0,4,4594,556
947,35,3,0,2,24,3,3,3,1,1,0,3,0,0,1,1,0,0,2,4679,604
948,44,0,0,2,15,4,4,4,2,2,0,4,0,0,1,1,0,0,3,1478,137
949,26,3,0,1,6,2,3,2,2,1,1,2,1,0,0,0,0,0,1,3518,1046
950,28,2,1,2,6,4,4,4,2,2,0,2,0,0,1,1,0,0,1,1323,166
951,45,3,1,1,39,2,2,4,3,1,0,4,0,0,1,1,0,0,2,8588,948
952,36,3,4,2,6,4,4,4,2,1,0,4,0,0,0,0,0,0,4,700,29
953,41,0,0,1,6,2,4,1,1,2,0,3,0,0,1,1,0,1,1,662,182
954,45,2,0,1,18,2,1,1,1,1,0,1,0,1,1,0,0,0,3,3049,902
955,35,3,4,2,48,4,1,3,2,1,0,2,0,0,0,1,0,0,2,8858,1010
956,31,1,0,2,18,4,2,1,1,1,0,2,0,0,1,0,0,1,3,1928,-849
957,31,0,0,1,48,2,2,2,2,1,0,3,0,0,1,1,0,0,4,6758,-1503
958,27,3,0,2,24,2,3,1,1,1,0,4,0,0,1,0,0,0,0,937,103
959,60,0,0,2,12,4,3,4,2,1,0,3,0,0,1,0,0,0,3,2246,-654
960,32,3,0,1,24,3,2,2,2,1,0,1,0,0,0,0,0,0,6,3863,975
961,45,3,4,1,15,2,4,4,2,2,0,4,0,1,0,0,0,0,2,1300,130
962,49,3,0,1,12,2,2,2,1,1,0,4,0,0,1,0,0,1,1,640,44
963,64,3,4,1,9,2,4,4,1,1,0,1,0,0,1,0,0,1,5,3832,323
964,26,0,0,2,42,3,2,3,2,2,0,3,0,1,1,1,0,0,4,4370,-1461
965,40,0,0,1,12,2,4,2,1,2,1,4,0,0,0,0,0,0,5,684,-487
966,41,1,0,1,18,4,1,4,2,1,0,2,0,0,1,1,0,0,3,6361,1098
967,47,2,0,1,30,4,4,4,2,1,0,4,0,0,1,0,0,0,4,3017,323
968,26,3,0,1,18,2,1,1,2,1,0,3,0,0,1,0,0,1,4,1453,293
969,31,0,3,1,12,2,3,2,2,2,0,1,0,0,1,0,0,0,1,3651,882
970,40,2,0,1,15,2,4,4,3,1,1,4,0,0,0,1,0,0,5,1905,208
971,37,1,0,1,9,2,2,2,1,2,0,2,0,0,1,0,0,1,4,2118,630
972,31,1,1,2,20,0,4,4,2,1,0,3,0,1,1,1,0,0,2,6148,809
973,36,2,3,2,24,4,4,2,2,1,0,2,0,0,1,1,0,1,6,1275,116
974,26,1,1,2,30,0,4,2,1,1,1,4,0,0,0,0,0,0,6,4280,-1974
975,33,3,0,1,15,2,2,3,2,1,0,2,0,0,1,0,0,0,2,3029,366
976,35,0,0,2,12,4,3,4,2,1,0,4,0,0,1,0,0,0,1,691,-225
977,63,3,0,2,12,4,4,4,1,1,0,2,0,0,1,1,0,1,4,1655,288
978,67,1,0,1,18,2,4,0,2,1,0,2,0,0,1,1,0,0,0,3872,1149
979,27,0,0,1,40,4,3,2,2,1,0,4,0,1,1,1,0,0,5,5998,-3572
980,35,1,4,1,9,2,2,1,0,1,0,4,0,0,1,0,0,1,1,1549,192
981,26,1,0,2,15,0,1,1,0,1,1,2,0,0,0,0,0,1,1,1778,-428
982,26,0,0,1,18,2,3,2,2,1,0,4,0,1,1,0,0,1,4,1345,-352
983,38,1,4,1,48,3,4,2,2,2,0,4,0,0,0,1,0,0,6,6681,1714
984,46,3,0,2,24,4,3,4,2,1,0,4,0,0,1,0,0,1,4,2611,482
985,57,0,0,1,12,2,4,4,1,1,0,4,0,1,1,0,0,1,4,709,-142
986,26,3,1,1,9,2,2,2,2,2,1,1,1,0,0,0,1,1,1,3577,481
987,24,0,0,1,12,2,4,4,2,1,1,4,0,0,0,0,0,0,3,652,112
988,36,3,4,2,30,4,3,3,2,1,0,2,0,0,1,0,0,0,4,6742,459
989,40,3,4,2,28,1,4,1,2,2,1,3,1,1,0,1,0,1,2,7824,1536
990,42,0,0,1,18,2,3,2,2,1,0,2,0,0,1,0,0,0,3,4153,-1278
991,33,1,4,1,9,2,2,2,1,1,0,1,0,0,1,0,0,1,1,3195,679
992,39,0,0,1,24,2,2,4,3,1,1,4,0,0,0,1,0,0,3,3345,-971
993,43,0,0,2,12,3,2,2,1,2,0,4,0,0,1,0,0,1,1,1344,158
994,46,3,4,2,24,4,4,2,3,2,0,2,0,0,1,1,0,0,2,6842,894
995,31,3,1,2,24,2,4,4,2,1,0,2,0,0,1,0,0,0,4,3621,-1327
996,30,1,1,1,24,2,4,4,2,1,0,4,0,0,0,0,0,0,3,3069,322
997,40,0,0,2,11,4,2,2,1,2,0,1,0,0,1,0,0,1,1,3939,324
998,25,1,1,1,15,1,2,2,2,1,1,2,0,0,0,0,0,0,1,1264,-286
999,48,1,0,2,24,4,2,4,1,1,0,4,0,0,1,0,0,0,4,1743,202
1000,27,1,1,1,45,4,4,0,2,1,0,3,0,0,1,0,0,0,2,4576,1200
